TransactionID,TransactionDT,TransactionAmt,ProductCD,card1,P_emaildomain,fe_amt_log1p,fe_freq_card1_addr1_cumulative,predicted_prob
3550264,14927115,3133.06,W,6344,gmail.com,8.050084,12,0.2856087
3491411,13208033,3076.97,W,5033,hotmail.com,8.032025,739,0.09150669
3571743,15631810,2480.06,W,2616,gmail.com,7.816441,89,0.20566376
3552603,15001263,2259.95,W,6019,gmail.com,7.7235403,474,0.24223316
3552634,15002056,2259.95,W,6019,gmail.com,7.7235403,475,0.14438358
3488473,13137027,2161.0,W,3278,yahoo.com,7.678789,27,0.27873674
3494038,13284434,1949.69,W,1546,gmail.com,7.575938,197,0.16547641
3476245,12761407,1795.8,W,4436,anonymous.com,7.4937625,600,0.100206636
3488475,13137092,1651.0,W,3278,yahoo.com,7.409742,28,0.4062683
3535177,14483678,1651.0,W,14153,cox.net,7.409742,0,0.37295464
3530331,14330637,1504.47,W,12695,yahoo.com,7.31686,5309,0.12960179
3530376,14331376,1504.47,W,12695,yahoo.com,7.31686,5310,0.079086505
3498919,13390766,1402.85,W,9803,hotmail.com,7.2469735,48,0.30390224
3499538,13404605,1402.85,W,18015,hotmail.com,7.2469735,0,0.1085145
3536398,14505335,1392.36,W,12002,gmail.com,7.2394733,349,0.33047372
3543598,14707634,1384.95,W,15066,hotmail.com,7.234141,693,0.0393087
3577361,15807368,1224.0,W,3278,yahoo.com,7.1106963,33,0.17389724
3573301,15696151,1220.0,W,10925,gmail.com,7.1074257,12,0.44660985
3465182,12411004,1104.0,W,15385,gmail.com,7.007601,401,0.22700392
3465187,12411119,1104.0,W,4834,gmail.com,7.007601,2,0.3932794
3489944,13187211,1104.0,W,15484,gmail.com,7.007601,602,0.21600136
3501043,13457801,1104.0,W,6816,gmail.com,7.007601,1,0.4780269
3525495,14191264,1104.0,W,5645,gmail.com,7.007601,2,0.4655669
3557544,15134631,1104.0,W,15066,yahoo.com,7.007601,364,0.4722201
3557548,15134859,1104.0,W,10447,yahoo.com,7.007601,898,0.22854209
3567272,15466148,1104.0,W,14182,yahoo.com,7.007601,49,0.48712948
3567280,15466331,1104.0,W,9685,yahoo.com,7.007601,2,0.25268254
3575222,15737049,1104.0,W,2884,gmail.com,7.007601,100,0.29852572
3575271,15738928,1103.99,W,2884,gmail.com,7.0075917,101,0.3807742
3575340,15745524,1052.0,W,15484,gmail.com,6.9593987,716,0.26793355
3553711,15022916,1044.95,W,17188,yahoo.com,6.952681,5645,0.24163374
3535189,14483824,994.0,W,14153,cox.net,6.902743,1,0.4042977
3561280,15267419,994.0,W,2616,mail.com,6.902743,169,0.42146274
3575549,15769065,944.0,W,1444,yahoo.com,6.851185,372,0.37566733
3499764,13425910,922.0,W,9500,gmail.com,6.827629,386,0.30008623
3499765,13426003,922.0,W,9500,,6.827629,387,0.47181144
3494432,13292331,914.0,W,16132,comcast.net,6.818924,2974,0.46236852
3499713,13413663,884.0,W,15484,,6.785588,616,0.48536712
3479073,12847097,795.95,W,16075,gmail.com,6.680792,184,0.33258432
3560514,15248483,774.0,W,10925,,6.652863,9,0.27551037
3573351,15696986,770.0,W,10925,gmail.com,6.6476884,13,0.44149557
3463757,12341208,738.95,W,7585,gmail.com,6.6065826,638,0.20538451
3492525,13227474,680.45,W,3682,gmail.com,6.524223,90,0.25279832
3473556,12679696,664.0,W,14079,aol.com,6.499787,40,0.2618606
3540772,14648688,664.0,W,9500,gmail.com,6.499787,4321,0.31198883
3577246,15804797,664.0,W,9500,gmail.com,6.499787,1716,0.33464172
3515440,13900415,611.95,W,4014,gmail.com,6.4182835,27,0.08857934
3459010,12182501,554.0,W,4834,gmail.com,6.3189683,1,0.36076003
3470839,12592495,554.0,W,11207,gmail.com,6.3189683,755,0.36876273
3507457,13656829,554.0,W,7482,hotmail.com,6.3189683,257,0.46032718
3514338,13878624,554.0,W,12116,yahoo.com,6.3189683,6,0.40618357
3533110,14414520,554.0,W,17321,,6.3189683,654,0.38179728
3542372,14677119,554.0,W,6816,gmail.com,6.3189683,2,0.49700162
3549520,14913099,554.0,W,4208,aol.com,6.3189683,155,0.39744994
3472127,12620807,550.49,W,6739,,6.3126235,0,0.44675696
3500275,13445698,500.0,W,3121,yahoo.com,6.216606,3,0.40146473
3501167,13459726,500.0,H,9926,gmail.com,6.216606,0,0.28659877
3513839,13865253,500.0,R,6741,gmail.com,6.216606,74,0.46917427
3541200,14657865,464.34,W,3821,yahoo.com,6.1427684,70,0.2484665
3548553,14863838,450.0,H,6019,gmail.com,6.1114674,89,0.49227205
3480801,12877882,445.0,W,17188,gmail.com,6.100319,4937,0.44664538
3519418,14025087,445.0,W,2893,,6.100319,21,0.45451015
3520536,14060023,445.0,W,11207,gmail.com,6.100319,842,0.30758935
3533517,14421617,445.0,W,11207,gmail.com,6.100319,862,0.3673073
3534157,14434750,445.0,W,11207,gmail.com,6.100319,864,0.3293478
3536951,14516195,445.0,W,7585,comcast.net,6.100319,594,0.4877765
3550424,14930180,445.0,W,9400,anonymous.com,6.100319,711,0.4138644
3568653,15533007,445.0,W,12116,yahoo.com,6.100319,8,0.40388834
3498052,13377836,440.99,W,9002,yahoo.com,6.091287,11,0.18237534
3478862,12843619,437.0,W,3326,anonymous.com,6.082219,104,0.41864058
3514187,13875149,435.95,W,4858,gmail.com,6.0798187,3,0.2606443
3542486,14678798,424.95,W,10486,yahoo.com,6.054322,248,0.23125294
3511536,13793441,422.5,W,9002,yahoo.com,6.0485535,14,0.3241756
3566856,15455614,422.5,W,15205,gmail.com,6.0485535,16,0.37585852
3566350,15444021,417.5,W,15205,gmail.com,6.036677,13,0.3461845
3528508,14270179,390.0,W,9002,yahoo.com,5.9687076,16,0.3775451
3532617,14404731,390.0,W,9002,yahoo.com,5.9687076,18,0.34541363
3532661,14405731,390.0,W,9002,yahoo.com,5.9687076,19,0.3385792
3535488,14489286,390.0,W,6958,comcast.net,5.9687076,38,0.4260283
3564609,15366371,390.0,W,12839,gmail.com,5.9687076,3450,0.46101236
3477056,12777445,389.783,C,5177,hotmail.com,5.9681525,5,0.27810466
3509794,13730471,374.95,W,17188,,5.929456,5231,0.38413736
3529332,14313164,370.0,W,9002,yahoo.com,5.916202,17,0.43920642
3470846,12592646,335.0,W,6053,gmail.com,5.817111,6,0.27513888
3486557,13104201,335.0,W,2803,gmail.com,5.817111,64,0.41934955
3493216,13268699,335.0,W,10616,yahoo.com,5.817111,85,0.36245418
3515484,13901392,335.0,W,7585,aol.com,5.817111,558,0.26866984
3523979,14152043,335.0,W,5663,outlook.com,5.817111,59,0.36654967
3537315,14524665,335.0,W,9803,hotmail.com,5.817111,13,0.26607278
3558459,15180919,335.0,W,10925,,5.817111,7,0.10749343
3565385,15384869,335.0,W,9500,gmail.com,5.817111,4549,0.30183214
3567805,15508395,335.0,W,1444,gmail.com,5.817111,365,0.3832423
3543700,14731324,334.99,W,10112,gmail.com,5.8170815,166,0.15155649
3549975,14921378,326.3,W,15066,gmail.com,5.7908773,118,0.13449928
3493110,13265441,323.0,W,12116,yahoo.com,5.7807436,4,0.4264557
3459560,12200546,319.95,W,2928,,5.7712855,7,0.20609817
3477962,12796282,317.5,W,15185,yahoo.com,5.7636223,421,0.4778174
3477965,12796417,317.5,W,15185,yahoo.com,5.7636223,422,0.20151034
3566647,15450655,317.5,W,15205,gmail.com,5.7636223,15,0.26383916
3459578,12201878,315.95,W,10023,icloud.com,5.7587442,1597,0.12261995
3467439,12492998,315.0,W,15063,outlook.com,5.755742,129,0.36581615
3499457,13402194,312.73,W,11862,gmail.com,5.748533,1,0.40383002
3493037,13262996,311.95,W,10023,gmail.com,5.746043,1728,0.45524848
3503123,13526608,311.95,W,10881,gmail.com,5.746043,14,0.099051185
3503133,13526831,311.95,W,10881,gmail.com,5.746043,15,0.45864123
3510879,13753201,311.95,W,4030,gmail.com,5.746043,639,0.300548
3524487,14161115,311.95,W,16485,gmail.com,5.746043,360,0.2469212
3540046,14605231,311.95,W,2803,yahoo.com,5.746043,896,0.46498534
3540377,14614989,311.95,W,2803,yahoo.com,5.746043,899,0.46720833
3560761,15256644,311.95,W,18234,gmail.com,5.746043,0,0.32329628
3562884,15294105,311.95,W,11207,,5.746043,542,0.4864503
3570915,15615622,311.95,W,11162,yahoo.com,5.746043,52,0.11438933
3575694,15773676,311.95,W,10023,,5.746043,2073,0.48993823
3522749,14103891,305.97,W,17400,gmail.com,5.72675,940,0.2868104
3563914,15350796,303.95,W,10023,gmail.com,5.7201476,2032,0.363369
3564009,15353032,303.95,W,10023,gmail.com,5.7201476,2033,0.19191886
3550643,14934433,300.0,R,7202,anonymous.com,5.7071104,1,0.08896405
3554399,15036527,300.0,H,9112,yahoo.com,5.7071104,2193,0.4811214
3459754,12225503,299.95,W,18249,yahoo.com,5.706944,69,0.06437354
3532256,14398198,293.0,W,10859,gmail.com,5.68358,33,0.2516452
3472468,12639887,280.0,W,11716,,5.638355,15,0.15385441
3481213,12914587,280.0,W,13478,gmail.com,5.638355,24,0.27171928
3505784,13620273,280.0,W,11157,yahoo.com,5.638355,734,0.1884195
3517826,13978107,280.0,W,6174,gmail.com,5.638355,675,0.4719827
3525203,14176411,280.0,W,17399,yahoo.com,5.638355,1624,0.42967355
3540460,14619113,280.0,W,7585,yahoo.com,5.638355,21,0.4918701
3561722,15275112,280.0,W,14079,aol.com,5.638355,54,0.14637405
3573711,15703735,280.0,W,15066,gmail.com,5.638355,200,0.4396777
3576410,15788175,280.0,W,6741,gmail.com,5.638355,144,0.4406874
3467048,12465530,270.0,W,16659,gmail.com,5.602119,76,0.46319416
3471922,12615934,269.95,W,18366,gmail.com,5.6019344,371,0.33929914
3542842,14684749,265.594,C,10340,gmail.com,5.5857267,38,0.3001995
3528060,14259281,261.95,W,16883,hotmail.com,5.571964,373,0.20317635
3555602,15089722,261.95,W,12615,,5.571964,400,0.18694943
3573641,15702542,260.0,W,12577,yahoo.com,5.5645204,82,0.15273748
3503256,13530493,255.0,W,16255,gmail.com,5.5451775,116,0.21206899
3508238,13701890,251.95,W,10229,yahoo.com,5.5331917,11,0.18771003
3504739,13560700,250.0,R,7487,cox.net,5.525453,1,0.28456995
3504767,13561345,250.0,R,7487,cox.net,5.525453,2,0.10601872
3540934,14652475,250.0,R,10486,anonymous.com,5.525453,28,0.42831028
3563721,15346430,250.0,R,2616,anonymous.com,5.525453,319,0.04434673
3563723,15346467,250.0,R,2616,anonymous.com,5.525453,320,0.043602165
3563749,15347158,250.0,R,2616,anonymous.com,5.525453,321,0.04146233
3572105,15639525,250.0,W,15066,gmail.com,5.525453,199,0.4521471
3461259,12256365,232.95,W,2455,,5.455107,70,0.39755416
3462032,12269299,226.0,W,12552,aol.com,5.42495,19,0.2823329
3462037,12269324,226.0,W,12552,aol.com,5.42495,20,0.37304026
3469716,12541423,226.0,W,8320,gmail.com,5.42495,5,0.17921747
3472211,12623306,226.0,W,8320,gmail.com,5.42495,6,0.49638504
3472855,12665359,226.0,W,16075,gmail.com,5.42495,230,0.43728137
3472961,12667178,226.0,W,15066,yahoo.com,5.42495,130,0.44904357
3474086,12688665,226.0,W,11716,,5.42495,16,0.16006936
3475989,12756321,226.0,W,8320,gmail.com,5.42495,213,0.4873193
3476597,12768114,226.0,W,3326,gmail.com,5.42495,101,0.44534436
3480711,12875880,226.0,W,7664,yahoo.com,5.42495,2126,0.21158285
3481799,12935141,226.0,W,16859,aol.com,5.42495,7,0.30561197
3483135,12966085,226.0,W,14025,yahoo.com,5.42495,182,0.29099298
3484130,13025455,226.0,W,13484,icloud.com,5.42495,29,0.48512846
3497349,13367983,226.0,W,12695,yahoo.com,5.42495,4964,0.2042426
3498461,13383643,226.0,W,8807,yahoo.com,5.42495,17,0.26212746
3511288,13787800,226.0,W,18366,gmail.com,5.42495,389,0.24399614
3521723,14077963,226.0,W,5663,outlook.com,5.42495,58,0.42802346
3523222,14137887,226.0,W,12695,gmail.com,5.42495,5233,0.49374408
3524016,14152533,226.0,W,14290,gmail.com,5.42495,147,0.18793389
3526487,14229509,226.0,W,14290,,5.42495,274,0.3966391
3530871,14341110,226.0,W,2753,,5.42495,40,0.27498773
3540841,14650547,226.0,W,9400,gmail.com,5.42495,696,0.2586312
3541294,14659620,226.0,W,12544,gmail.com,5.42495,1371,0.27596912
3544831,14761282,226.0,W,1675,icloud.com,5.42495,453,0.2816906
3555896,15095976,226.0,W,17399,yahoo.com,5.42495,1730,0.41652977
3556355,15104558,226.0,W,17399,yahoo.com,5.42495,1737,0.4442561
3571432,15625308,226.0,W,8898,gmail.com,5.42495,2,0.36236775
3566010,15434093,224.0,W,9500,yahoo.com,5.4161005,433,0.31689444
3466317,12438105,222.0,W,5033,,5.4071717,692,0.4560759
3570617,15609810,222.0,W,10960,embarqmail.com,5.4071717,264,0.23812968
3525175,14175778,218.0,W,4272,att.net,5.389072,870,0.12541628
3563357,15320251,214.95,W,12211,,5.3750467,129,0.2883648
3565833,15427487,214.95,W,12211,,5.3750467,131,0.25122783
3485732,13067230,213.95,W,2455,hotmail.com,5.3704057,120,0.45853874
3563111,15299215,213.0,W,15205,gmail.com,5.365976,12,0.21876365
3565840,15427821,213.0,W,6832,anonymous.com,5.365976,37,0.42344964
3573825,15706107,213.0,W,2616,aol.com,5.365976,82,0.22002696
3462632,12292697,210.95,W,2455,gmail.com,5.3563504,362,0.20869216
3462633,12292740,210.95,W,2455,gmail.com,5.3563504,363,0.2270889
3566087,15436731,210.95,W,7585,gmail.com,5.3563504,35,0.37095013
3461741,12264198,209.95,W,3178,,5.351621,268,0.23409806
3463061,12326066,209.95,W,17321,gmail.com,5.351621,572,0.16036408
3476197,12760401,209.95,W,12615,gmail.com,5.351621,340,0.1804297
3476204,12760533,209.95,W,12615,gmail.com,5.351621,341,0.38316914
3478556,12837407,209.95,W,6525,,5.351621,46,0.49521756
3490730,13198263,209.95,W,7664,,5.351621,7,0.38482496
3510796,13749572,209.95,W,9803,hotmail.com,5.351621,11,0.4019574
3576001,15779958,209.95,W,5993,aol.com,5.351621,4,0.1687751
3519709,14045003,206.0,W,9500,gmail.com,5.332719,4139,0.4535643
3522667,14097862,206.0,W,12577,gmail.com,5.332719,239,0.082412645
3523048,14133181,206.0,W,12695,gmail.com,5.332719,5230,0.49464294
3517249,13966355,205.95,W,5993,aol.com,5.332477,3,0.18995571
3481810,12935423,201.0,W,16859,gmail.com,5.3082676,8,0.29534474
3506461,13635873,200.0,R,7207,yahoo.com,5.3033047,2051,0.41163504
3527728,14252318,200.0,R,8456,gmail.com,5.3033047,3,0.34035227
3530070,14326166,200.0,R,2616,anonymous.com,5.3033047,308,0.050811116
3530131,14327490,200.0,R,2616,anonymous.com,5.3033047,309,0.06552465
3495592,13312376,198.212,C,16136,gmail.com,5.2943697,1586,0.20776604
3483482,13005167,186.0,W,7228,icloud.com,5.2311087,0,0.33449242
3519617,14042169,186.0,W,10616,,5.2311087,70,0.21107288
3551285,14945081,177.985,C,9026,hotmail.com,5.187302,1875,0.36927235
3548229,14860612,173.95,W,1409,,5.1645,15,0.47631276
3466335,12438569,171.0,W,11716,,5.1474943,5,0.32385325
3476451,12765167,171.0,W,12116,yahoo.com,5.1474943,3,0.40015873
3478874,12843787,171.0,W,3326,anonymous.com,5.1474943,105,0.28950402
3496694,13357155,171.0,W,7508,gmail.com,5.1474943,92,0.4618086
3496717,13357510,171.0,W,7508,gmail.com,5.1474943,94,0.4848652
3503179,13528287,171.0,W,10960,,5.1474943,230,0.37547863
3534956,14479458,171.0,W,7664,gmail.com,5.1474943,2368,0.32152617
3544827,14761195,171.0,W,12544,gmail.com,5.1474943,1380,0.118969455
3544887,14762277,171.0,W,12544,icloud.com,5.1474943,1381,0.14850277
3549872,14919635,171.0,W,12544,yahoo.com,5.1474943,1394,0.34759513
3551801,14954684,171.0,W,6439,anonymous.com,5.1474943,17,0.3261528
3556030,15098257,171.0,W,2884,yahoo.com,5.1474943,374,0.20276697
3558801,15187958,171.0,W,9479,,5.1474943,3,0.12749134
3559022,15192368,171.0,W,10925,,5.1474943,8,0.19296883
3559405,15199170,171.0,W,9479,hotmail.com,5.1474943,4,0.2585631
3469466,12534047,169.95,W,10229,yahoo.com,5.1413713,8,0.36140215
3490493,13194889,167.0,W,10960,embarqmail.com,5.123964,224,0.40104493
3541070,14655446,162.861,C,10340,gmail.com,5.0990186,37,0.17327826
3505825,13621276,161.0,W,17999,yahoo.com,5.0875964,13,0.34633046
3508816,13713230,161.0,W,17999,yahoo.com,5.0875964,16,0.4276709
3471300,12602073,160.95,W,2455,gmail.com,5.0872874,72,0.25656
3469054,12525465,160.5,W,6170,gmail.com,5.084505,388,0.26883796
3535554,14490597,160.34,C,8755,yahoo.com.mx,5.0835137,979,0.26450512
3459822,12228074,159.95,W,1724,gmail.com,5.081094,65,0.06302933
3459885,12229693,159.95,W,1724,gmail.com,5.081094,66,0.1670719
3464823,12371810,159.95,W,14259,gmail.com,5.081094,6,0.36824468
3481917,12937649,159.95,W,14259,gmail.com,5.081094,7,0.20557986
3486836,13108549,159.95,W,6170,yahoo.com,5.081094,402,0.47693744
3487300,13116791,159.95,W,11207,gmail.com,5.081094,995,0.19156274
3509508,13725467,159.95,W,2803,,5.081094,524,0.43361348
3529178,14310176,159.95,W,6170,yahoo.com,5.081094,462,0.4872925
3534558,14452679,159.95,W,3181,hotmail.com,5.081094,257,0.09707895
3551120,14941967,159.95,W,13511,,5.081094,61,0.09107463
3559098,15193619,159.0,W,13994,yahoo.com,5.075174,24,0.3227748
3521091,14068731,157.389,C,15885,gmail.com,5.065054,8944,0.41621652
3526785,14234880,156.0,W,16435,,5.056246,3,0.2346814
3570446,15606561,151.95,W,6170,att.net,5.030111,493,0.18374678
3570257,15602049,151.0,W,13484,gmail.com,5.0238805,38,0.20260201
3482808,12957582,150.0,R,10994,anonymous.com,5.0172796,0,0.47761562
3482815,12957687,150.0,R,6335,anonymous.com,5.0172796,7,0.44311777
3485705,13064760,150.0,R,4229,mail.com,5.0172796,1,0.2471058
3518399,13989474,150.0,R,1214,yahoo.com,5.0172796,6,0.44582558
3466781,12449819,146.0,W,11716,,4.9904327,6,0.40935346
3509299,13721818,144.95,W,2803,,4.983264,523,0.17087461
3551907,14956996,143.003,C,10175,gmail.com,4.9698343,65,0.4305334
3516789,13956754,143.0,W,15205,gmail.com,4.9698133,3,0.09520433
3482209,12943889,141.0,W,17999,yahoo.com,4.955827,10,0.17559059
3483256,12970904,141.0,W,12932,gmail.com,4.955827,282,0.45102996
3490037,13188536,141.0,W,16083,gmail.com,4.955827,2,0.4933719
3500008,13439517,141.0,W,2947,yahoo.com,4.955827,65,0.25977558
3510256,13738091,141.0,W,17999,yahoo.com,4.955827,17,0.27627313
3519504,14038259,141.0,W,9500,gmail.com,4.955827,4135,0.21977773
3527667,14250986,141.0,W,13484,gmail.com,4.955827,31,0.18698211
3482770,12956947,140.5,W,7585,gmail.com,4.9522996,353,0.19287728
3514456,13881264,139.95,W,2884,gmail.com,4.9484053,431,0.04054391
3514929,13890797,139.95,W,2884,gmail.com,4.9484053,433,0.0255169
3564161,15356176,139.95,W,11218,hotmail.com,4.9484053,67,0.09252709
3469149,12527470,139.191,C,8755,hotmail.com,4.9430056,847,0.26926973
3496074,13335560,136.5,W,9500,gmail.com,4.923624,2317,0.40438685
3496083,13337205,136.5,W,9500,gmail.com,4.923624,2318,0.40800235
3567489,15472299,136.0,W,14079,aol.com,4.919981,55,0.17777039
3545919,14792186,135.502,C,13413,hotmail.com,4.9163394,307,0.38803938
3545921,14792264,135.502,C,13413,hotmail.com,4.9163394,308,0.35131612
3545922,14792327,135.502,C,13413,hotmail.com,4.9163394,309,0.43030357
3477395,12783779,134.95,W,2157,yahoo.com,4.912287,579,0.2382113
3552027,14961580,134.95,W,9002,hotmail.com,4.912287,156,0.21004851
3547828,14854526,134.027,C,9917,hotmail.com,4.9054747,858,0.36310002
3468111,12508247,131.0,W,5033,gmail.com,4.882802,223,0.48420396
3568627,15532232,131.0,W,14752,gmail.com,4.882802,3,0.15783107
3462746,12314969,130.95,W,2455,gmail.com,4.882423,9,0.306739
3547976,14857278,130.95,W,7585,gmail.com,4.882423,28,0.41387764
3550442,14930586,130.95,W,7585,gmail.com,4.882423,29,0.25702217
3506947,13645904,130.5,W,17999,yahoo.com,4.879007,14,0.34760636
3490722,13198126,129.95,W,7919,,4.8748155,188,0.034218222
3545972,14804608,126.0,W,9500,gmail.com,4.8441873,4375,0.34276822
3461510,12260303,117.0,W,7835,,4.7706847,362,0.3918415
3461547,12260958,117.0,W,10616,aol.com,4.7706847,529,0.28238118
3463434,12334284,117.0,W,11233,gmail.com,4.7706847,4,0.21030757
3464123,12349319,117.0,W,3178,,4.7706847,272,0.2277617
3466323,12438287,117.0,W,11839,aol.com,4.7706847,126,0.31161886
3467101,12479471,117.0,W,11716,,4.7706847,7,0.3475099
3467103,12479515,117.0,W,11716,,4.7706847,8,0.19811307
3467124,12481061,117.0,W,11716,,4.7706847,9,0.1254789
3467126,12481319,117.0,W,11716,,4.7706847,10,0.1820088
3468000,12506241,117.0,W,13249,yahoo.com,4.7706847,2,0.16493703
3469800,12547111,117.0,W,11716,,4.7706847,12,0.16937485
3469852,12554678,117.0,W,11716,gmail.com,4.7706847,13,0.1858021
3470996,12595545,117.0,W,11716,gmail.com,4.7706847,14,0.080926694
3472796,12663957,117.0,W,10057,yahoo.com,4.7706847,416,0.09009085
3474628,12697910,117.0,W,8320,gmail.com,4.7706847,211,0.43584326
3476200,12760487,117.0,W,5492,aol.com,4.7706847,44,0.38650778
3476901,12774356,117.0,W,15066,gmail.com,4.7706847,460,0.09384456
3481146,12894162,117.0,W,7585,gmail.com,4.7706847,525,0.48193792
3489535,13180964,117.0,W,1482,,4.7706847,3,0.28408873
3495057,13302763,117.0,W,7664,gmail.com,4.7706847,2197,0.2648095
3500377,13447423,117.0,W,10023,,4.7706847,40,0.3649609
3504330,13552360,117.0,W,17999,,4.7706847,11,0.33235538
3505213,13572636,117.0,W,17999,yahoo.com,4.7706847,12,0.16188776
3508001,13694261,117.0,W,16255,me.com,4.7706847,41,0.3220049
3509214,13720486,117.0,W,15484,yahoo.com,4.7706847,54,0.36055258
3531797,14386853,117.0,W,3368,,4.7706847,34,0.36540258
3532555,14403717,117.0,W,1482,,4.7706847,4,0.1851334
3533021,14412845,117.0,W,1482,,4.7706847,5,0.25856805
3533150,14415470,117.0,W,7664,gmail.com,4.7706847,2360,0.3633208
3533293,14418087,117.0,W,5997,yahoo.com,4.7706847,23,0.070738144
3533305,14418283,117.0,W,5997,yahoo.com,4.7706847,24,0.13649209
3533741,14426007,117.0,W,5663,yahoo.com,4.7706847,61,0.19044319
3535545,14490482,117.0,W,13108,yahoo.com,4.7706847,812,0.3463055
3536952,14516208,117.0,W,7664,gmail.com,4.7706847,2378,0.42979524
3538067,14569114,117.0,W,9500,yahoo.com,4.7706847,1782,0.30032828
3539286,14591248,117.0,W,2377,yahoo.com,4.7706847,26,0.1782825
3539965,14603647,117.0,W,12695,gmail.com,4.7706847,5391,0.28812733
3540466,14619374,117.0,W,7585,yahoo.com,4.7706847,23,0.38491753
3540774,14648771,117.0,W,13526,comcast.net,4.7706847,10,0.36742422
3542880,14685385,117.0,W,5291,gmail.com,4.7706847,489,0.38406858
3543231,14691409,117.0,W,2377,yahoo.com,4.7706847,27,0.22839196
3544946,14763501,117.0,W,7585,,4.7706847,24,0.27710155
3544952,14763726,117.0,W,7585,yahoo.com,4.7706847,25,0.3051687
3551325,14945734,117.0,W,17399,yahoo.com,4.7706847,1707,0.26943964
3551620,14951486,117.0,W,12544,gmail.com,4.7706847,1399,0.39059395
3557730,15160464,117.0,W,12469,ymail.com,4.7706847,107,0.48981684
3558248,15176261,117.0,W,13484,gmail.com,4.7706847,36,0.15239073
3558489,15181622,117.0,W,9500,gmail.com,4.7706847,1656,0.32008561
3559770,15206094,117.0,W,1632,outlook.com,4.7706847,64,0.2554975
3562489,15287197,117.0,W,1939,yahoo.com,4.7706847,73,0.08559776
3563633,15344050,117.0,W,1214,,4.7706847,79,0.25360355
3564559,15364777,117.0,W,4806,gmail.com,4.7706847,1820,0.12183625
3567598,15476650,117.0,W,15757,yahoo.com,4.7706847,77,0.42232707
3567601,15476723,117.0,W,15757,yahoo.com,4.7706847,78,0.26208606
3569689,15558835,117.0,W,4090,yahoo.com,4.7706847,760,0.2870036
3571407,15624701,117.0,W,14290,,4.7706847,195,0.33239052
3571878,15635279,117.0,W,10586,aol.com,4.7706847,6,0.14374375
3572522,15650035,117.0,W,10616,gmail.com,4.7706847,262,0.34290147
3572680,15667974,117.0,W,12318,gmail.com,4.7706847,5,0.26109886
3573267,15695570,117.0,W,16085,gmail.com,4.7706847,19,0.15464965
3574946,15728536,117.0,W,17131,gmail.com,4.7706847,2,0.4482894
3575985,15779672,117.0,W,12544,yahoo.com,4.7706847,1475,0.24444363
3577372,15807758,117.0,W,14037,yahoo.com,4.7706847,14,0.40563402
3500269,13445626,115.95,W,10229,yahoo.com,4.7617464,10,0.25008595
3500978,13456617,115.0,W,11204,,4.75359,285,0.40136734
3470089,12576039,114.23,C,10876,hotmail.com,4.74693,631,0.39726028
3462845,12319732,113.95,W,15063,yahoo.com,4.7444973,568,0.26590067
3482479,12950150,113.95,W,16075,,4.7444973,142,0.16238596
3525137,14174608,113.95,W,9500,gmail.com,4.7444973,97,0.26906765
3538287,14573717,113.0,W,2377,yahoo.com,4.7361984,25,0.09374809
3574405,15717598,113.0,W,2377,yahoo.com,4.7361984,28,0.060383126
3502495,13480994,112.0,W,7664,gmail.com,4.727388,2221,0.4124964
3530204,14328505,112.0,W,7664,gmail.com,4.727388,2340,0.38987365
3462609,12290239,108.95,W,16326,gmail.com,4.7000256,16,0.45953387
3462634,12292854,108.95,W,2455,gmail.com,4.7000256,364,0.24315754
3464120,12349118,108.95,W,15446,gmail.com,4.7000256,160,0.117272064
3465144,12409654,108.95,W,16326,gmail.com,4.7000256,17,0.46926597
3466287,12437716,108.95,W,13374,anonymous.com,4.7000256,94,0.05118554
3504117,13548699,108.95,W,13374,anonymous.com,4.7000256,101,0.027847497
3531502,14356237,108.95,W,2455,gmail.com,4.7000256,18,0.29243648
3550819,14936914,108.95,W,7585,gmail.com,4.7000256,30,0.16052152
3553057,15010213,108.95,W,7585,gmail.com,4.7000256,31,0.49398822
3554797,15046595,108.95,W,7585,gmail.com,4.7000256,32,0.31033838
3476535,12766945,108.5,W,12883,yahoo.com,4.6959248,1,0.39223853
3530130,14327427,108.5,W,12695,yahoo.com,4.6959248,5307,0.49409226
3575001,15729610,108.5,W,17131,gmail.com,4.6959248,3,0.24422763
3459775,12226614,107.95,W,7826,gmail.com,4.690889,617,0.12542161
3464518,12358419,107.95,W,2157,,4.690889,2,0.2692479
3465705,12424129,107.95,W,17321,gmail.com,4.690889,576,0.28093514
3465826,12427083,107.95,W,6174,gmail.com,4.690889,596,0.32113284
3469587,12537054,107.95,W,2157,,4.690889,3,0.28054628
3469849,12553283,107.95,W,2455,hotmail.com,4.690889,115,0.20365433
3472327,12627653,107.95,W,13511,,4.690889,47,0.13993652
3472337,12628047,107.95,W,13511,,4.690889,48,0.11489991
3477028,12776930,107.95,W,2455,hotmail.com,4.690889,116,0.312397
3477035,12777149,107.95,W,2455,hotmail.com,4.690889,117,0.47744635
3477398,12783835,107.95,W,2157,yahoo.com,4.690889,580,0.19109055
3479770,12858722,107.95,W,6019,,4.690889,12,0.3423881
3482227,12944159,107.95,W,1974,,4.690889,1042,0.37154213
3484300,13029442,107.95,W,1974,,4.690889,1047,0.3084491
3484368,13030769,107.95,W,16645,,4.690889,10,0.10845163
3484423,13031638,107.95,W,17321,,4.690889,594,0.4379081
3487217,13115362,107.95,W,16645,,4.690889,11,0.0660419
3497011,13362157,107.95,W,14259,gmail.com,4.690889,8,0.18453301
3500747,13453353,107.95,W,17321,,4.690889,613,0.21411176
3501193,13460224,107.95,W,7826,gmail.com,4.690889,680,0.098613024
3503833,13542962,107.95,W,17321,,4.690889,616,0.33149657
3504027,13546810,107.95,W,11157,,4.690889,151,0.40836832
3504107,13548601,107.95,W,11157,,4.690889,1,0.28969368
3506068,13626814,107.95,W,17321,,4.690889,620,0.27385226
3506180,13629592,107.95,W,11162,yahoo.com,4.690889,45,0.06316012
3506516,13637298,107.95,W,5663,aol.com,4.690889,53,0.0842295
3506564,13638113,107.95,W,2753,,4.690889,32,0.08037702
3506626,13638928,107.95,W,16776,,4.690889,4,0.068253785
3507363,13654825,107.95,W,14290,,4.690889,260,0.4610025
3508304,13703386,107.95,W,12866,aol.com,4.690889,79,0.037015557
3509097,13718001,107.95,W,5663,aol.com,4.690889,54,0.097343504
3509121,13718593,107.95,W,16776,,4.690889,5,0.20618545
3509131,13718880,107.95,W,17321,,4.690889,624,0.20709428
3509480,13725017,107.95,W,9500,,4.690889,4050,0.036658935
3511834,13800462,107.95,W,5663,aol.com,4.690889,56,0.080473416
3511854,13800917,107.95,W,2753,,4.690889,34,0.36879727
3511864,13801233,107.95,W,16776,,4.690889,6,0.11897549
3514638,13884986,107.95,W,2753,,4.690889,35,0.31841373
3514905,13890389,107.95,W,8785,,4.690889,15,0.08017013
3517930,13980119,107.95,W,14290,,4.690889,267,0.2609876
3517953,13980565,107.95,W,14290,gmail.com,4.690889,143,0.11131188
3518063,13982650,107.95,W,2753,,4.690889,36,0.15735413
3518139,13984107,107.95,W,5663,,4.690889,57,0.16536298
3518902,13998958,107.95,W,14290,,4.690889,269,0.37891597
3520101,14052889,107.95,W,2753,,4.690889,38,0.4254657
3520685,14062474,107.95,W,14290,,4.690889,271,0.3340278
3520761,14063482,107.95,W,14290,gmail.com,4.690889,145,0.2385835
3521875,14080647,107.95,W,14290,gmail.com,4.690889,146,0.3892009
3523859,14150013,107.95,W,2753,,4.690889,39,0.32033038
3533069,14413831,107.95,W,1724,hotmail.com,4.690889,18,0.24066049
3536608,14509772,107.95,W,15621,yahoo.com,4.690889,12,0.1448589
3538898,14584253,107.95,W,15621,yahoo.com,4.690889,13,0.3817167
3538959,14585337,107.95,W,5663,yahoo.com,4.690889,64,0.2104446
3540974,14653400,107.95,W,7826,gmail.com,4.690889,757,0.08951725
3542023,14671480,107.95,W,1724,hotmail.com,4.690889,21,0.4145679
3542069,14672075,107.95,W,5663,,4.690889,65,0.23067567
3542108,14672642,107.95,W,15621,yahoo.com,4.690889,15,0.14223641
3542370,14677070,107.95,W,2884,gmail,4.690889,447,0.01911431
3544373,14750983,107.95,W,4029,aol.com,4.690889,7,0.20865625
3544397,14751642,107.95,W,1724,hotmail.com,4.690889,23,0.4145801
3544431,14752256,107.95,W,5663,,4.690889,66,0.17838801
3547263,14843992,107.95,W,4029,aol.com,4.690889,8,0.1750458
3549424,14910795,107.95,W,12866,aol.com,4.690889,89,0.023024945
3550204,14925888,107.95,W,11162,yahoo.com,4.690889,51,0.08386829
3552252,14990540,107.95,W,9500,,4.690889,4427,0.09030418
3561908,15278391,107.95,W,14290,hotmail.com,4.690889,187,0.20791587
3562031,15280124,107.95,W,16661,,4.690889,600,0.3766389
3562693,15290635,107.95,W,14290,,4.690889,189,0.25086606
3564670,15367921,107.95,W,14290,hotmail.com,4.690889,191,0.19651905
3565042,15375577,107.95,W,9500,,4.690889,4543,0.14052688
3567277,15466300,107.95,W,2803,hotmail.com,4.690889,476,0.07859985
3567290,15466624,107.95,W,2803,hotmail.com,4.690889,477,0.38071764
3571517,15627054,107.95,W,16661,,4.690889,611,0.45148683
3571889,15635458,107.95,W,2884,gmail,4.690889,465,0.03896856
3577250,15804918,107.95,W,6877,aol.com,4.690889,187,0.0857308
3494235,13288344,107.0,W,17111,yahoo.com,4.6821313,38,0.19676341
3528161,14261683,107.0,W,9500,,4.6821313,4206,0.2035773
3534913,14478611,107.0,W,9500,,4.6821313,1573,0.15326431
3553362,15016246,107.0,W,9500,,4.6821313,4437,0.21490097
3557777,15162554,107.0,W,9175,,4.6821313,915,0.28684315
3560176,15216016,107.0,W,9500,,4.6821313,7,0.19378614
3564269,15358598,107.0,W,9500,,4.6821313,2655,0.18708439
3564657,15367497,107.0,W,9500,,4.6821313,4536,0.21028054
3509349,13722567,106.606,C,3643,hotmail.com,4.6784763,83,0.43877918
3474094,12688712,106.053,C,11482,hotmail.com,4.673324,9,0.2791595
3475344,12714723,106.053,C,11482,hotmail.com,4.673324,10,0.3729116
3475536,12742510,106.053,C,11482,hotmail.com,4.673324,11,0.3192911
3479006,12845955,106.053,C,11482,hotmail.com,4.673324,13,0.17736858
3479018,12846091,106.053,C,11482,gmail.com,4.673324,14,0.23365755
3553209,15013160,106.0,W,9500,,4.6728287,422,0.17633781
3556393,15105349,105.0,W,13994,yahoo.com,4.6634393,23,0.2307188
3525946,14220745,102.0,W,7664,gmail.com,4.634729,2325,0.27151904
3557979,15169063,102.0,W,17188,gmail.com,4.634729,5680,0.25544393
3464718,12365991,100.0,R,12581,anonymous.com,4.6151204,15,0.4758552
3464719,12366011,100.0,R,12581,anonymous.com,4.6151204,16,0.31085858
3487109,13113335,100.0,S,15066,,4.6151204,371,0.3948057
3490527,13195266,100.0,R,9803,verizon.net,4.6151204,21,0.3125679
3498521,13384723,100.0,H,16075,gmail.com,4.6151204,309,0.40719214
3498523,13384767,100.0,H,16075,gmail.com,4.6151204,310,0.44011256
3498529,13384830,100.0,H,10616,gmail.com,4.6151204,631,0.1376413
3498709,13387252,100.0,H,16075,yahoo.com,4.6151204,311,0.04928803
3498888,13390383,100.0,H,16075,yahoo.com,4.6151204,312,0.099568576
3523198,14137442,100.0,R,11755,,4.6151204,3,0.23571514
3556113,15099665,100.0,W,6730,gmail.com,4.6151204,207,0.18722178
3558300,15177605,100.0,H,10486,yahoo.com,4.6151204,254,0.07052369
3559672,15203936,100.0,H,10486,yahoo.com,4.6151204,255,0.37174195
3568225,15522747,100.0,H,15497,hotmail.com,4.6151204,3375,0.19343479
3569102,15544693,100.0,H,10057,gmail.com,4.6151204,659,0.14679697
3571377,15624004,100.0,R,12695,gmail.com,4.6151204,5708,0.453888
3572846,15684580,100.0,S,15066,,4.6151204,463,0.44252264
3575246,15738058,100.0,R,3522,yahoo.com,4.6151204,13,0.41815293
3575588,15770063,100.0,S,15066,,4.6151204,468,0.4733189
3577368,15807677,100.0,H,6758,hotmail.com,4.6151204,4,0.08278017
3469535,12535784,98.02,W,10616,gmail.com,4.5953217,4,0.47308904
3493023,13262252,98.0,W,12577,,4.59512,31,0.1311497
3493030,13262609,98.0,W,12577,gmail.com,4.59512,32,0.1608817
3562745,15291434,97.95,W,7664,gmail.com,4.5946145,2489,0.15583785
3462742,12314430,97.0,W,5033,gmail.com,4.5849676,219,0.44470522
3470889,12593300,97.0,W,9400,gmail.com,4.5849676,600,0.36714962
3494344,13290525,97.0,W,10776,yahoo.com,4.5849676,88,0.19471191
3499520,13404093,97.0,W,2517,,4.5849676,2,0.12609409
3499641,13408685,97.0,W,2517,,4.5849676,3,0.40373474
3507758,13664900,97.0,W,17999,yahoo.com,4.5849676,15,0.4793285
3511222,13785749,97.0,W,4806,yahoo.com,4.5849676,1658,0.13724835
3524077,14153566,97.0,W,12577,gmail.com,4.5849676,242,0.18399346
3530712,14337940,97.0,W,12501,yahoo.com,4.5849676,1470,0.3664557
3558832,15188482,97.0,W,12839,gmail.com,4.5849676,3414,0.07622665
3561876,15277775,97.0,W,3939,,4.5849676,12,0.31894824
3569276,15548491,97.0,W,6550,,4.5849676,78,0.15993729
3484364,13030717,96.647,C,3154,hotmail.com,4.581359,3842,0.101680994
3558847,15188887,96.524,C,12544,gmail.com,4.5800986,12,0.49067158
3509550,13726236,93.0,W,10616,gmail.com,4.543295,67,0.14804284
3467910,12504616,92.0,W,11716,,4.5325994,11,0.18357457
3493045,13263402,92.0,W,12577,,4.5325994,33,0.19736321
3493060,13263853,92.0,W,12577,gmail.com,4.5325994,34,0.13407297
3536018,14498681,92.0,W,1444,yahoo.com,4.5325994,144,0.16492757
3544956,14763794,92.0,W,7585,yahoo.com,4.5325994,26,0.36895022
3568006,15517076,92.0,W,12544,yahoo.com,4.5325994,1451,0.24356371
3569258,15547894,92.0,W,12544,gmail.com,4.5325994,1457,0.39611506
3573014,15689705,92.0,W,12544,yahoo.com,4.5325994,1468,0.2353882
3574526,15720081,92.0,W,11710,gmail.com,4.5325994,26,0.40664232
3574532,15720167,92.0,W,10616,gmail.com,4.5325994,59,0.25185356
3576031,15780581,92.0,W,12544,yahoo.com,4.5325994,1476,0.20584291
3519501,14038056,90.867,C,10340,gmail.com,4.520342,35,0.2160977
3575415,15761571,89.0,W,13994,yahoo.com,4.4998097,33,0.3381776
3509294,13721774,87.95,W,2884,gmail.com,4.4880743,423,0.018803835
3509305,13721872,87.95,W,2884,gmail.com,4.4880743,424,0.041733008
3513819,13863297,87.95,W,6489,gmail.com,4.4880743,88,0.03918698
3467708,12499677,87.0,W,3123,yahoo.com,4.477337,1,0.44751093
3476230,12761180,87.0,W,14079,anonymous.com,4.477337,2,0.124509834
3492042,13217775,87.0,W,12932,,4.477337,174,0.46057105
3499900,13436101,87.0,W,6550,hotmail.com,4.477337,62,0.23418596
3505495,13601242,87.0,W,9323,anonymous.com,4.477337,423,0.20883389
3505500,13601505,87.0,W,2893,yahoo.com,4.477337,20,0.2648791
3530098,14326646,87.0,W,6292,,4.477337,136,0.36135504
3534263,14437234,87.0,W,13073,gmail.com,4.477337,24,0.29762945
3539740,14599814,87.0,W,14037,yahoo.com,4.477337,9,0.28334555
3539745,14599892,87.0,W,14037,yahoo.com,4.477337,10,0.30126134
3539750,14599972,87.0,W,6019,yahoo.com,4.477337,191,0.26296952
3544489,14753180,87.0,W,14649,yahoo.com,4.477337,419,0.38091108
3563757,15347352,87.0,W,3939,,4.477337,13,0.36330795
3569309,15549124,87.0,W,3939,,4.477337,14,0.49511814
3474964,12702975,86.564,C,11830,hotmail.com,4.47237,61,0.35393777
3474969,12703096,86.564,C,11830,hotmail.com,4.47237,62,0.22149833
3558677,15185405,85.826,C,12246,hotmail.com,4.4639063,1,0.42827183
3558684,15185495,85.826,C,7811,hotmail.com,4.4639063,4,0.46475434
3574402,15717540,85.826,C,9987,gmail.com,4.4639063,5,0.34785146
3574412,15717754,85.826,C,9987,gmail.com,4.4639063,6,0.2397447
3574418,15717853,85.826,C,9987,gmail.com,4.4639063,7,0.08893441
3480267,12866653,83.5,W,15066,gmail.com,4.4367514,464,0.14719091
3576297,15786173,83.5,W,12695,yahoo.com,4.4367514,5756,0.48270378
3524110,14153977,82.99,W,13414,ymail.com,4.430698,9,0.11379096
3509303,13721864,82.95,W,10057,,4.4302216,599,0.44143
3538014,14568062,82.95,W,11207,aol.com,4.4302216,1079,0.05302141
3576693,15793766,82.95,W,5372,anonymous.com,4.4302216,54,0.077166125
3471392,12604454,82.0,W,17111,yahoo.com,4.4188404,34,0.10785885
3479080,12847191,82.0,W,17111,yahoo.com,4.4188404,35,0.111832544
3515094,13893932,82.0,W,10616,,4.4188404,69,0.19936028
3521189,14070318,82.0,W,17399,gmail.com,4.4188404,1614,0.361338
3521466,14074267,82.0,W,17399,gmail.com,4.4188404,1616,0.40987518
3521510,14074937,82.0,W,7585,gmail.com,4.4188404,573,0.2847493
3480159,12864820,81.768,C,16746,icloud.com,4.4160414,234,0.37387753
3480264,12866574,81.768,C,16746,icloud.com,4.4160414,237,0.1608814
3537028,14517621,78.817,C,1976,hotmail.com,4.3797364,812,0.44252145
3468420,12514143,78.5,W,10616,gmail.com,4.375757,1,0.48941588
3476844,12773461,78.5,W,14079,anonymous.com,4.375757,3,0.26252046
3563098,15298999,78.5,W,13780,gmail.com,4.375757,904,0.14601824
3459939,12231497,77.95,W,1039,gmail.com,4.368815,3,0.10488623
3460054,12234396,77.95,W,1039,gmail.com,4.368815,5,0.052814074
3461003,12251774,77.95,W,1039,gmail.com,4.368815,6,0.06012969
3483799,13017058,77.95,W,2392,gmail.com,4.368815,26,0.02900052
3459644,12214875,77.0,W,13994,yahoo.com,4.356709,19,0.48747942
3461027,12252148,77.0,W,3055,ymail.com,4.356709,158,0.24024998
3462161,12271447,77.0,W,7815,,4.356709,382,0.21689013
3463941,12345161,77.0,W,7585,,4.356709,73,0.49080724
3468353,12512779,77.0,W,9500,,4.356709,3697,0.22041766
3477902,12794143,77.0,W,6174,yahoo.com,4.356709,1,0.15797639
3479089,12847369,77.0,W,6174,yahoo.com,4.356709,2,0.26419562
3479109,12847767,77.0,W,6174,yahoo.com,4.356709,3,0.47850066
3479148,12848316,77.0,W,6174,yahoo.com,4.356709,4,0.29361218
3479765,12858585,77.0,W,8528,yahoo.com,4.356709,288,0.3382148
3493796,13280034,77.0,W,17131,aol.com,4.356709,1319,0.19060275
3512568,13814161,77.0,W,10616,,4.356709,68,0.19230624
3517190,13965318,77.0,W,11925,,4.356709,395,0.42304683
3520371,14057372,77.0,W,12695,,4.356709,5200,0.34895897
3542532,14679302,77.0,W,15265,gmail.com,4.356709,0,0.3803627
3542625,14680898,77.0,W,15265,gmail.com,4.356709,1,0.2857669
3543878,14739130,77.0,W,12163,gmail.com,4.356709,145,0.11904887
3494203,13287779,75.0,W,18132,gmail.com,4.3307333,626,0.38394448
3494211,13287876,75.0,W,18132,gmail.com,4.3307333,627,0.08000905
3500031,13440104,75.0,H,7826,gmail.com,4.3307333,970,0.37415951
3500033,13440154,75.0,H,7826,gmail.com,4.3307333,971,0.35339537
3500132,13442524,75.0,H,7826,gmail.com,4.3307333,972,0.25210914
3500136,13442582,75.0,H,7826,gmail.com,4.3307333,974,0.38092053
3500145,13442735,75.0,H,7826,gmail.com,4.3307333,975,0.31412777
3528235,14262966,75.0,H,6344,anonymous.com,4.3307333,10,0.20402572
3528238,14262995,75.0,H,6344,anonymous.com,4.3307333,11,0.1374248
3536005,14498365,75.0,R,14182,anonymous.com,4.3307333,21,0.37955827
3536006,14498378,75.0,R,14182,anonymous.com,4.3307333,22,0.268123
3536007,14498401,75.0,R,14182,anonymous.com,4.3307333,22,0.18252264
3575250,15738111,75.0,R,3522,yahoo.com,4.3307333,14,0.2720995
3521903,14080989,72.0,W,12469,gmail.com,4.2904596,4,0.18177402
3499443,13401797,71.0,W,9500,gmail.com,4.276666,3969,0.1264692
3480248,12866345,70.702,C,16746,icloud.com,4.2725186,236,0.23762739
3577364,15807516,69.964,C,5812,hotmail.com,4.2621727,2641,0.4414796
3554313,15034631,69.349,C,16346,hotmail.com,4.2534685,287,0.32372576
3460420,12240871,68.95,W,11727,,4.247781,102,0.10848622
3577002,15799926,68.95,W,17188,gmail.com,4.247781,5880,0.20790303
3482714,12955926,68.5,W,17188,gmail.com,4.241327,1,0.12590927
3549918,14920461,68.5,W,12695,,4.241327,650,0.2621652
3572602,15652657,68.5,W,8135,gmail.com,4.241327,63,0.46189478
3576507,15790098,68.5,W,1444,yahoo.com,4.241327,155,0.17910889
3499908,13436556,67.95,W,11727,,4.2333817,118,0.083053365
3541615,14664734,67.95,W,11727,,4.2333817,136,0.11353365
3544708,14758484,67.95,W,10112,gmail.com,4.2333817,265,0.09848895
3542853,14684914,66.398,C,10340,gmail.com,4.210615,39,0.40053925
3542855,14684977,66.398,C,3830,gmail.com,4.210615,9,0.24638285
3463790,12342140,65.95,W,13108,yahoo.com,4.203946,43,0.21865039
3570508,15607651,65.95,W,10229,yahoo.com,4.203946,14,0.08316665
3558429,15180342,65.0,S,12544,,4.189655,2027,0.15670674
3557143,15120904,64.923,C,12246,gmail.com,4.1884875,0,0.09941199
3539103,14587802,63.95,W,17188,gmail.com,4.173618,5510,0.27680793
3531382,14352119,61.48,C,10568,gmail.com,4.1348467,842,0.49621454
3519034,14002378,61.357,C,7949,hotmail.com,4.132876,166,0.23272227
3575109,15732773,59.95,W,9480,gmail.com,4.110054,110,0.09931073
3459514,12197357,59.636,C,15944,hotmail.com,4.104889,141,0.2843092
3560354,15226344,59.513,C,17147,hotmail.com,4.102858,109,0.33187595
3560358,15226744,59.513,C,17147,hotmail.com,4.102858,111,0.38465706
3560363,15227132,59.513,C,17147,hotmail.com,4.102858,112,0.2257643
3567704,15483227,59.144,C,9115,gmail.com,4.0967417,0,0.25490943
3462650,12298315,59.0,W,9500,yahoo.com,4.0943446,3659,0.49586105
3463671,12339242,59.0,W,13780,gmail.com,4.0943446,751,0.42811045
3463689,12339567,59.0,W,13780,gmail.com,4.0943446,752,0.44608015
3463861,12343750,59.0,W,18190,gmail.com,4.0943446,0,0.41894978
3465334,12414908,59.0,W,7757,aol.com,4.0943446,14,0.21358523
3467716,12499802,59.0,W,8135,yahoo.com,4.0943446,46,0.37257478
3471430,12605170,59.0,W,3570,gmail.com,4.0943446,27,0.115175486
3471478,12606122,59.0,W,3570,gmail.com,4.0943446,29,0.24330567
3472338,12628064,59.0,W,16255,,4.0943446,34,0.49080157
3474225,12691019,59.0,W,16085,gmail.com,4.0943446,82,0.08380893
3474230,12691120,59.0,W,17188,gmail.com,4.0943446,4871,0.45531997
3476410,12764336,59.0,W,12577,gmail.com,4.0943446,29,0.13082682
3478183,12812688,59.0,W,7826,optonline.net,4.0943446,921,0.47222513
3479881,12860553,59.0,W,7835,,4.0943446,389,0.26186773
3480220,12865819,59.0,W,9500,gmail.com,4.0943446,2229,0.1684522
3480488,12871161,59.0,W,13780,gmail.com,4.0943446,775,0.36513492
3482269,12945097,59.0,W,11815,gmail.com,4.0943446,28,0.27751705
3482525,12951367,59.0,W,11815,gmail.com,4.0943446,29,0.2249785
3484023,13023268,59.0,W,14079,aol.com,4.0943446,42,0.24346042
3489661,13182847,59.0,W,9500,gmail.com,4.0943446,2291,0.17313161
3497133,13364495,59.0,W,17188,,4.0943446,203,0.25961
3498367,13382119,59.0,W,17188,,4.0943446,205,0.32633173
3498425,13383121,59.0,W,7005,gmail.com,4.0943446,7,0.2038588
3498561,13385161,59.0,W,17188,,4.0943446,206,0.3510468
3500555,13450387,59.0,W,17188,,4.0943446,208,0.30151433
3505560,13609194,59.0,W,3123,yahoo.com,4.0943446,4,0.46733275
3505567,13609625,59.0,W,3123,yahoo.com,4.0943446,5,0.4326055
3506282,13632324,59.0,W,15066,gmail.com,4.0943446,290,0.4421615
3515320,13898407,59.0,W,9500,yahoo.com,4.0943446,1719,0.37681684
3521462,14074226,59.0,W,13249,,4.0943446,3,0.20382333
3524057,14153190,59.0,W,8528,yahoo.com,4.0943446,322,0.30760136
3530453,14333021,59.0,W,14479,gmail.com,4.0943446,21,0.32097605
3534301,14438355,59.0,W,2455,yahoo.com,4.0943446,414,0.31584674
3534410,14442048,59.0,W,10616,yahoo.com,4.0943446,251,0.30167714
3535379,14487555,59.0,W,6457,msn.com,4.0943446,20,0.42026412
3535570,14490964,59.0,W,6481,gmail.com,4.0943446,631,0.2715113
3536902,14515291,59.0,W,8117,gmail.com,4.0943446,102,0.2448249
3541198,14657803,59.0,W,6481,gmail.com,4.0943446,644,0.3351523
3541216,14658138,59.0,W,6481,gmail.com,4.0943446,645,0.322603
3542624,14680889,59.0,W,12163,gmail.com,4.0943446,144,0.13681814
3543642,14722089,59.0,W,3484,gmail.com,4.0943446,299,0.32950544
3544119,14745904,59.0,W,12163,gmail.com,4.0943446,146,0.13964133
3544315,14749963,59.0,W,12163,gmail.com,4.0943446,147,0.3471863
3544321,14750133,59.0,W,12163,gmail.com,4.0943446,148,0.3757007
3544367,14750932,59.0,W,13414,gmail.com,4.0943446,10,0.23193958
3544369,14750947,59.0,W,13414,gmail.com,4.0943446,11,0.3590627
3544394,14751574,59.0,W,13414,ymail.com,4.0943446,12,0.3132935
3544928,14762976,59.0,W,6457,msn.com,4.0943446,21,0.48079103
3544938,14763198,59.0,W,6457,msn.com,4.0943446,22,0.44217294
3545546,14776806,59.0,W,16075,gmail.com,4.0943446,60,0.35580114
3546178,14824422,59.0,W,8394,gmail.com,4.0943446,450,0.2963785
3547218,14843304,59.0,W,12260,comcast.net,4.0943446,505,0.19334255
3550835,14937144,59.0,W,6457,msn.com,4.0943446,23,0.46394116
3550860,14937423,59.0,W,6457,msn.com,4.0943446,24,0.3769423
3550863,14937464,59.0,W,6457,msn.com,4.0943446,25,0.3420703
3550870,14937585,59.0,W,6457,msn.com,4.0943446,26,0.46347266
3553334,15015564,59.0,W,7508,frontier.com,4.0943446,548,0.17213728
3553466,15018366,59.0,W,6174,gmail.com,4.0943446,728,0.35010085
3554004,15028418,59.0,W,12163,gmail.com,4.0943446,151,0.41841206
3556657,15110754,59.0,W,3368,,4.0943446,39,0.4698259
3557272,15123542,59.0,W,12544,icloud.com,4.0943446,1419,0.26195014
3557319,15125016,59.0,W,12544,icloud.com,4.0943446,1422,0.26520252
3557733,15160516,59.0,W,12469,ymail.com,4.0943446,108,0.29046014
3559340,15197897,59.0,W,14628,gmail.com,4.0943446,185,0.09207819
3561336,15268547,59.0,W,9500,aol.com,4.0943446,418,0.25911883
3563018,15296848,59.0,W,13994,yahoo.com,4.0943446,31,0.31188422
3565453,15387165,59.0,W,6741,,4.0943446,83,0.48657873
3568479,15528335,59.0,W,1939,gmail.com,4.0943446,15,0.4374724
3570458,15606804,59.0,W,9500,,4.0943446,2679,0.14950828
3572542,15650612,59.0,W,13994,yahoo.com,4.0943446,32,0.29141894
3576092,15781904,59.0,W,4383,aol.com,4.0943446,2,0.4768664
3576166,15783628,59.0,W,4383,aol.com,4.0943446,3,0.3594468
3576859,15796902,59.0,W,13994,yahoo.com,4.0943446,34,0.25095135
3482131,12942370,58.95,W,17188,gmail.com,4.093511,4947,0.20587729
3488930,13150235,58.95,W,17729,gmail.com,4.093511,24,0.046032134
3506833,13643602,58.95,W,17188,gmail.com,4.093511,5205,0.12719539
3507889,13673302,58.95,W,18366,gmail.com,4.093511,0,0.08902973
3531578,14360484,58.95,W,18366,gmail.com,4.093511,397,0.087097466
3554922,15058044,58.95,W,18366,gmail.com,4.093511,411,0.07818136
3560304,15220907,58.95,W,18366,gmail.com,4.093511,414,0.07195056
3464580,12360684,58.0,W,17188,gmail.com,4.0775375,4773,0.3581082
3484091,13024671,58.0,W,12577,,4.0775375,30,0.09984681
3459943,12231539,57.95,W,1039,gmail.com,4.0766897,4,0.06098597
3468931,12523105,57.95,W,11162,yahoo.com,4.0766897,40,0.067491375
3472467,12639827,57.95,W,6598,anonymous.com,4.0766897,101,0.39888978
3475114,12706202,57.95,W,10112,gmail.com,4.0766897,223,0.11465574
3484352,13030556,57.95,W,10057,,4.0766897,563,0.43157792
3485869,13087625,57.95,W,12501,bellsouth.net,4.0766897,1346,0.11190637
3490568,13195906,57.95,W,11162,yahoo.com,4.0766897,42,0.049423
3496815,13358979,57.95,W,2884,gmail,4.0766897,415,0.021037027
3499018,13392516,57.95,W,9500,,4.0766897,3962,0.056323763
3509062,13717480,57.95,W,15882,yahoo.com,4.0766897,3,0.07355234
3511092,13780759,57.95,W,4029,,4.0766897,75,0.47717136
3513610,13836758,57.95,W,14290,icloud.com,4.0766897,9,0.11010432
3516426,13923578,57.95,W,13511,,4.0766897,56,0.07358028
3521879,14080680,57.95,W,11162,yahoo.com,4.0766897,46,0.08290072
3527585,14249662,57.95,W,15882,yahoo.com,4.0766897,4,0.054398905
3534833,14476113,57.95,W,9500,yahoo.com,4.0766897,4268,0.014359347
3536703,14511241,57.95,W,11162,yahoo.com,4.0766897,49,0.08359952
3545162,14768360,57.95,W,9500,,4.0766897,4368,0.03727777
3552714,15003858,57.95,W,15882,yahoo.com,4.0766897,5,0.060033828
3552752,15004644,57.95,W,6489,gmail.com,4.0766897,90,0.03316939
3562988,15296425,57.95,W,7585,yahoo.com,4.0766897,25,0.29152724
3565025,15375272,57.95,W,9500,,4.0766897,4542,0.092386074
3537934,14566152,57.0,W,6550,gmail.com,4.060443,68,0.09066241
3464676,12364184,55.332,C,17634,yahoo.com,4.031263,2,0.31350353
3463157,12328111,54.95,W,2772,yahoo.com,4.0244584,203,0.11399138
3512790,13818712,54.656,C,8755,hotmail.com,4.01919,933,0.36130607
3463590,12337634,54.5,W,12695,yahoo.com,4.016383,4589,0.48491326
3480303,12867484,54.5,W,9500,gmail.com,4.016383,2231,0.25806618
3540516,14625543,54.5,W,13994,yahoo.com,4.016383,21,0.3565218
3558360,15178780,54.5,W,12695,yahoo.com,4.016383,5580,0.32608563
3559224,15195957,54.5,W,12695,yahoo.com,4.016383,5590,0.44425833
3560950,15261066,54.5,W,12695,yahoo.com,4.016383,5604,0.48135066
3576024,15780473,54.5,W,12695,yahoo.com,4.016383,5752,0.32236016
3567594,15476448,54.225,C,15885,gmail.com,4.011416,9806,0.3166502
3468936,12523225,54.0,W,5033,yahoo.com,4.0073333,397,0.22673647
3474201,12690554,54.0,W,9500,gmail.com,4.0073333,349,0.43032974
3476945,12775313,54.0,W,9500,gmail.com,4.0073333,806,0.18880448
3488945,13151105,54.0,W,7919,gmail.com,4.0073333,461,0.12019828
3519177,14006489,54.0,W,12469,yahoo.com,4.0073333,20,0.13331819
3534824,14475876,54.0,W,9500,yahoo.com,4.0073333,1776,0.45095095
3574043,15710314,54.0,W,16435,yahoo.com,4.0073333,18,0.41453415
3510548,13743594,53.95,W,10057,gmail.com,4.0064235,201,0.06433377
3511147,13782804,53.95,W,10057,gmail.com,4.0064235,202,0.04743705
3473904,12685791,52.95,W,7861,,3.9880576,101,0.07197138
3557028,15118420,52.95,W,7861,,3.9880576,128,0.09119261
3559766,15206040,52.627,C,9300,gmail.com,3.9820526,1080,0.30791596
3564380,15361033,52.196,C,14053,hotmail.com,3.9739833,28,0.32672143
3494285,13289533,52.0,W,7919,gmail.com,3.9702919,489,0.09931148
3462484,12281931,51.336,C,1976,outlook.com,3.9576845,703,0.4362667
3495094,13303571,51.0,W,12577,gmail.com,3.9512436,176,0.1604273
3523965,14151780,51.0,W,6457,msn.com,3.9512436,19,0.47755653
3461489,12259879,50.0,R,16174,anonymous.com,3.9318256,0,0.30639896
3462662,12300395,50.0,H,8528,anonymous.com,3.9318256,278,0.27516097
3491050,13203155,50.0,S,11555,,3.9318256,24,0.40526465
3491070,13203489,50.0,S,11555,,3.9318256,25,0.37320632
3501819,13470060,50.0,H,10101,gmail.com,3.9318256,2,0.1632433
3506939,13645739,50.0,H,8320,outlook.com,3.9318256,9,0.12053801
3510292,13738631,50.0,S,9803,,3.9318256,49,0.2919106
3516141,13914551,50.0,H,6019,gmail.com,3.9318256,330,0.014912834
3521496,14074682,50.0,R,15066,yahoo.com,3.9318256,90,0.45996326
3521500,14074746,50.0,R,8695,yahoo.com,3.9318256,16,0.39242023
3522849,14125349,50.0,S,7861,,3.9318256,112,0.22833122
3523168,14136862,50.0,S,2616,,3.9318256,124,0.030476432
3523185,14137246,50.0,S,2616,,3.9318256,125,0.052402955
3523199,14137451,50.0,S,2616,,3.9318256,126,0.10152834
3523206,14137620,50.0,S,2616,,3.9318256,127,0.17058131
3526492,14229552,50.0,W,12544,verizon.net,3.9318256,787,0.122002885
3529960,14324424,50.0,S,2616,,3.9318256,128,0.34823057
3531473,14355106,50.0,H,15066,msn.com,3.9318256,76,0.24852966
3532180,14395988,50.0,H,15066,msn.com,3.9318256,77,0.2233058
3535134,14483019,50.0,H,1914,gmail.com,3.9318256,28,0.08737999
3554574,15040367,50.0,W,13994,yahoo.com,3.9318256,22,0.15265565
3555978,15097306,50.0,H,13844,anonymous.com,3.9318256,3,0.033352632
3558620,15184243,50.0,H,6054,anonymous.com,3.9318256,4,0.16094007
3563358,15320283,50.0,S,11162,,3.9318256,86,0.3184839
3568741,15535301,50.0,S,15066,,3.9318256,456,0.48979533
3541223,14658305,49.184,C,15885,gmail.com,3.9156961,9394,0.05936016
3459468,12195463,49.0,W,9500,gmail.com,3.912023,3640,0.15949848
3462148,12271339,49.0,W,7585,,3.912023,67,0.432645
3468571,12516679,49.0,W,3123,yahoo.com,3.912023,2,0.19623917
3468582,12516898,49.0,W,3123,yahoo.com,3.912023,3,0.30633444
3471436,12605273,49.0,W,3570,gmail.com,3.912023,28,0.10543262
3472297,12626277,49.0,W,17188,yahoo.com,3.912023,4858,0.22465949
3473240,12673157,49.0,W,17188,yahoo.com,3.912023,4863,0.43510342
3476659,12769519,49.0,W,1482,,3.912023,0,0.19691563
3480940,12881895,49.0,W,13780,,3.912023,778,0.29866943
3484320,13029903,49.0,W,14649,yahoo.com,3.912023,359,0.49689278
3490939,13201405,49.0,W,14649,yahoo.com,3.912023,365,0.3114831
3494310,13289831,49.0,W,7919,gmail.com,3.912023,490,0.09389666
3494852,13299638,49.0,W,17188,yahoo.com,3.912023,5075,0.27355188
3497016,13362235,49.0,W,17188,,3.912023,201,0.20475234
3497122,13364250,49.0,W,17188,,3.912023,202,0.272877
3497444,13369323,49.0,W,17188,,3.912023,204,0.3172956
3505671,13614297,49.0,W,3123,yahoo.com,3.912023,6,0.26498216
3506091,13627322,49.0,W,10960,,3.912023,235,0.26900586
3508109,13697841,49.0,W,16255,me.com,3.912023,42,0.4293678
3515703,13905962,49.0,W,14649,yahoo.com,3.912023,396,0.42123428
3520434,14058480,49.0,W,12932,yahoo.com,3.912023,575,0.33439952
3524100,14153850,49.0,W,6630,gmail.com,3.912023,86,0.19503474
3527558,14249127,49.0,W,10776,yahoo.com,3.912023,97,0.14994091
3535482,14489162,49.0,W,18190,gmail.com,3.912023,0,0.3166778
3540737,14647421,49.0,W,14628,gmail.com,3.912023,176,0.1117635
3543832,14737559,49.0,W,13481,gmail.com,3.912023,26,0.1164174
3545076,14766346,49.0,W,10616,,3.912023,56,0.49755532
3545122,14767399,49.0,W,11710,,3.912023,22,0.41129568
3547488,14848349,49.0,W,15482,gmail.com,3.912023,0,0.055884592
3550629,14934227,49.0,W,12544,gmail.com,3.912023,1396,0.22217578
3551712,14952912,49.0,W,17188,yahoo.com,3.912023,5626,0.32891327
3555538,15088719,49.0,W,1444,yahoo.com,3.912023,147,0.23649988
3558919,15190343,49.0,W,6457,msn.com,3.912023,29,0.45349753
3558925,15190486,49.0,W,6457,msn.com,3.912023,30,0.38199756
3560342,15224211,49.0,W,13994,yahoo.com,3.912023,25,0.42467645
3560345,15224938,49.0,W,13994,yahoo.com,3.912023,26,0.45829916
3561874,15277769,49.0,W,7508,gmail.com,3.912023,21,0.25681874
3562256,15283508,49.0,W,16435,gmail.com,3.912023,505,0.32022628
3563426,15335291,49.0,W,16435,yahoo.com,3.912023,12,0.17367598
3566455,15446383,49.0,W,16435,yahoo.com,3.912023,14,0.44607097
3566966,15458207,49.0,W,12695,aol.com,3.912023,5675,0.032250293
3568439,15527578,49.0,W,6457,msn.com,3.912023,31,0.4172883
3568453,15527866,49.0,W,6457,msn.com,3.912023,32,0.37062526
3573592,15701458,49.0,W,12544,gmail.com,3.912023,1472,0.20601009
3573958,15708540,49.0,W,16435,yahoo.com,3.912023,16,0.45820406
3574433,15718175,49.0,W,12544,yahoo.com,3.912023,1473,0.2716973
3491578,13210122,48.95,W,17188,gmail.com,3.9110224,5041,0.14619589
3481079,12887775,47.95,W,13511,,3.8907993,50,0.073103435
3539897,14602296,47.95,W,13511,,3.8907993,57,0.068876065
3539899,14602327,47.95,W,13511,,3.8907993,58,0.09494022
3539984,14604020,47.95,W,13511,,3.8907993,59,0.08239944
3555399,15085998,47.95,W,8830,gmail.com,3.8907993,117,0.09051229
3555668,15091488,47.95,W,2581,gmail.com,3.8907993,26,0.04129153
3557835,15164581,47.95,W,2581,gmail.com,3.8907993,27,0.05442551
3568181,15521662,47.95,W,14628,gmail.com,3.8907993,186,0.022310933
3466486,12442035,47.708,C,15257,hotmail.com,3.8858433,540,0.07186218
3572518,15649989,47.5,W,11815,gmail.com,3.881564,31,0.14432079
3537452,14530253,47.032,C,5812,gmail.com,3.8718674,2441,0.12034681
3537455,14530316,47.032,C,5812,gmail.com,3.8718674,2442,0.09844737
3488979,13153151,46.725,C,14260,hotmail.com,3.8654554,76,0.4446098
3488982,13153240,46.725,C,15885,hotmail.com,3.8654554,8447,0.25623766
3552854,15006431,46.417,C,9026,gmail.com,3.858981,1883,0.49455345
3552921,15007416,46.417,C,3154,gmail.com,3.858981,4280,0.48802912
3573029,15690137,46.417,C,5812,anonymous.com,3.858981,2625,0.17787188
3573065,15690857,46.417,C,5812,anonymous.com,3.858981,2626,0.4655091
3521097,14068806,45.434,C,10340,gmail.com,3.838032,36,0.099540286
3476481,12765747,45.0,S,17551,,3.8286414,2,0.23365356
3557014,15118237,45.0,W,1444,yahoo.com,3.8286414,149,0.18722096
3496022,13329740,44.5,W,12695,yahoo.com,3.8177123,4940,0.4322018
3563236,15304262,44.5,W,8406,gmail.com,3.8177123,26,0.10041595
3531317,14350594,44.45,C,15885,anonymous.com,3.8166127,9188,0.11323583
3473886,12685573,44.0,W,12695,,3.8066626,543,0.35761735
3561826,15276796,44.0,W,9500,,3.8066626,2626,0.13164474
3564684,15368175,44.0,W,12501,,3.8066626,1554,0.17238931
3570541,15608489,44.0,W,12501,,3.8066626,1576,0.23851405
3570562,15608851,44.0,W,12501,yahoo.com,3.8066626,1577,0.2341278
3516008,13911494,42.95,W,7815,,3.7830527,429,0.49460182
3519696,14044525,42.114,C,11201,gmail.com,3.7638478,1191,0.10107397
3464601,12361583,41.929,C,15257,gmail.com,3.7595475,537,0.4445509
3473439,12677678,41.0,W,12695,yahoo.com,3.7376697,4691,0.16304958
3475729,12749135,41.0,W,12695,,3.7376697,544,0.41799635
3491082,13203570,40.0,S,11555,,3.713572,26,0.18695681
3559605,15202578,40.0,W,9400,,3.713572,727,0.20472018
3560356,15226559,40.0,W,13994,yahoo.com,3.713572,27,0.4332095
3560359,15226787,40.0,W,13994,yahoo.com,3.713572,28,0.41220778
3560383,15228784,40.0,W,13994,yahoo.com,3.713572,29,0.3596649
3473333,12675064,39.95,W,15406,gmail.com,3.7123518,15,0.08512526
3475946,12755136,39.95,W,1724,gmail.com,3.7123518,299,0.085906774
3519478,14037025,39.593,C,15885,gmail.com,3.7035956,8918,0.30470568
3482177,12943155,39.47,C,9026,anonymous.com,3.700561,1657,0.2683816
3576243,15785090,39.347,C,10568,gmail.com,3.6975172,886,0.4554024
3460479,12241898,39.0,W,9500,,3.6888795,2140,0.49523613
3464403,12355498,39.0,W,7664,gmail.com,3.6888795,27,0.48684078
3475416,12718683,39.0,W,7826,optonline.net,3.6888795,906,0.32208377
3475627,12746503,39.0,W,7826,optonline.net,3.6888795,907,0.36091584
3475646,12746994,39.0,W,7826,optonline.net,3.6888795,908,0.43580648
3475711,12748719,39.0,W,7826,optonline.net,3.6888795,909,0.39072648
3475928,12754468,39.0,W,7826,optonline.net,3.6888795,911,0.4231324
3476634,12769021,39.0,W,7826,optonline.net,3.6888795,912,0.44983184
3477239,12780819,39.0,W,7826,optonline.net,3.6888795,915,0.4742133
3478053,12800635,39.0,W,7826,optonline.net,3.6888795,920,0.47130445
3481324,12922946,39.0,W,12695,,3.6888795,565,0.4766272
3487516,13120754,39.0,W,15385,gmail.com,3.6888795,428,0.20829433
3518797,13996618,39.0,W,14649,yahoo.com,3.6888795,401,0.12951623
3524489,14161169,39.0,W,4141,gmail.com,3.6888795,26,0.45703483
3524925,14169677,39.0,W,13626,gmail.com,3.6888795,1,0.49610135
3539101,14587773,39.0,W,1444,yahoo.com,3.6888795,145,0.1561204
3548160,14859744,39.0,W,12544,gmail.com,3.6888795,1388,0.24732064
3555529,15088479,39.0,W,7508,frontier.com,3.6888795,552,0.19777033
3555705,15092320,39.0,W,5912,,3.6888795,42,0.44413924
3556230,15101925,39.0,W,1444,yahoo.com,3.6888795,148,0.28915814
3559014,15192130,39.0,W,7508,frontier.com,3.6888795,563,0.16908796
3564525,15364143,39.0,W,5912,,3.6888795,44,0.47659534
3564673,15367980,39.0,W,5912,gmail.com,3.6888795,45,0.23403895
3573169,15693194,39.0,W,1444,yahoo.com,3.6888795,153,0.189169
3524444,14160433,38.118,C,15885,gmail.com,3.6665828,9017,0.17503986
3524448,14160509,38.118,C,15885,gmail.com,3.6665828,9018,0.057216115
3524493,14161230,38.118,C,3154,gmail.com,3.6665828,4089,0.12960848
3525356,14182081,38.118,C,15885,gmail.com,3.6665828,9047,0.1667518
3525469,14188777,38.118,C,15885,gmail.com,3.6665828,9056,0.13598716
3537447,14529925,38.118,C,15885,gmail.com,3.6665828,9309,0.1748829
3561316,15268121,37.0,W,5912,,3.637586,43,0.49510255
3483262,12971502,36.95,W,1450,yahoo.com,3.6362696,11,0.02973765
3502053,13473396,36.95,W,7664,yahoo.com,3.6362696,2220,0.30408975
3561148,15264812,36.95,W,6174,gmail.com,3.6362696,738,0.15699401
3573651,15702731,36.704,C,15890,gmail.com,3.6297662,192,0.41250363
3483374,12983437,36.5,W,12577,gmail.com,3.624341,128,0.15312889
3482061,12940989,35.966,C,15885,gmail.com,3.6099985,8347,0.24757667
3522672,14098420,35.966,C,5812,gmail.com,3.6099985,2369,0.18342747
3522679,14098718,35.966,C,5812,gmail.com,3.6099985,2370,0.23724005
3522681,14098780,35.966,C,5812,gmail.com,3.6099985,2371,0.17539302
3522697,14099466,35.966,C,5812,gmail.com,3.6099985,2372,0.15486695
3529275,14312191,35.966,C,5812,gmail.com,3.6099985,2410,0.21298847
3535886,14496112,35.966,C,9026,hotmail.com,3.6099985,1816,0.44566622
3535906,14496600,35.966,C,9026,hotmail.com,3.6099985,1817,0.13428167
3546436,14828602,35.966,C,5812,gmail.com,3.6099985,2494,0.09305216
3467039,12464610,35.95,W,16659,gmail.com,3.6095657,74,0.15456952
3467239,12488212,35.95,W,11727,,3.6095657,107,0.0732667
3529944,14324057,35.95,W,12932,yahoo.com,3.6095657,594,0.07077697
3571476,15626250,35.95,W,12037,anonymous.com,3.6095657,492,0.059233863
3573175,15693338,35.95,W,12544,gmail.com,3.6095657,1470,0.051605314
3470097,12576215,35.535,C,11201,gmail.com,3.5982707,1112,0.36309183
3525457,14188055,35.412,C,15885,gmail.com,3.5948985,9054,0.14422655
3525458,14188102,35.412,C,15885,gmail.com,3.5948985,9055,0.101375446
3475543,12742880,35.351,C,11482,hotmail.com,3.5932217,12,0.3447792
3529138,14309251,35.351,C,9917,hotmail.com,3.5932217,823,0.4365439
3547751,14853670,35.351,C,13832,hotmail.com,3.5932217,1859,0.47181424
3495696,13315009,35.044,C,9475,gmail.com,3.5847404,1,0.39221123
3536916,14515531,35.044,C,4461,gmail.com,3.5847404,2404,0.39733416
3502995,13516126,35.0,W,11218,yahoo.com,3.583519,604,0.24019784
3541110,14656178,34.921,C,15885,gmail.com,3.5813222,9393,0.042130284
3521505,14074842,34.552,C,9300,gmail.com,3.5709965,1027,0.37877402
3461832,12265789,34.0,W,13780,gmail.com,3.5553482,747,0.47037297
3474565,12697073,34.0,W,11218,yahoo.com,3.5553482,559,0.40575683
3507144,13650355,34.0,W,7919,gmail.com,3.5553482,520,0.12093648
3538722,14581283,34.0,W,7508,frontier.com,3.5553482,528,0.13152139
3541687,14665774,34.0,W,12501,gmail.com,3.5553482,362,0.4374306
3549732,14917079,34.0,W,9400,gmail.com,3.5553482,709,0.14461435
3551396,14947153,34.0,W,7508,frontier.com,3.5553482,544,0.12347331
3557737,15160751,34.0,W,12469,gmail.com,3.5553482,109,0.26768067
3565161,15378532,34.0,W,8695,yahoo.com,3.5553482,11,0.21181144
3571085,15618785,34.0,W,7508,frontier.com,3.5553482,572,0.10577799
3573472,15698931,34.0,W,7508,frontier.com,3.5553482,575,0.18494555
3522727,14101111,33.692,C,9633,gmail.com,3.546509,3668,0.46135724
3459432,12192900,33.261,C,9300,gmail.com,3.5340078,922,0.3764997
3560937,15260693,33.199,C,18301,hotmail.com,3.5321965,227,0.19356558
3486391,13100958,32.97,W,7826,yahoo.com,3.525478,358,0.054156076
3525062,14172533,32.584,C,9026,hotmail.com,3.5140498,1782,0.43034497
3534087,14433098,32.584,C,1976,hotmail.com,3.5140498,805,0.38051584
3525555,14198497,32.461,C,15885,gmail.com,3.5103805,9059,0.14995731
3513525,13833626,31.97,C,16062,gmail.com,3.495598,852,0.35474664
3525563,14200860,31.97,C,15885,gmail.com,3.495598,9060,0.17728494
3525564,14200973,31.97,C,18250,gmail.com,3.495598,97,0.40596452
3573282,15695786,31.95,W,18366,gmail.com,3.4949913,422,0.095545486
3487030,13112113,31.0,W,12695,yahoo.com,3.465736,4848,0.19467318
3492522,13227323,30.95,W,6598,anonymous.com,3.4641721,109,0.05119476
3494103,13285815,30.95,W,1764,att.net,3.4641721,576,0.09001259
3539987,14604060,30.95,W,13511,,3.4641721,60,0.07768645
3552416,14996895,30.95,W,7861,,3.4641721,126,0.021497684
3557087,15119648,30.95,W,7861,,3.4641721,129,0.09218907
3560301,15220852,30.864,C,1976,hotmail.com,3.4614768,851,0.2890728
3464852,12375005,30.74,C,13832,gmail.com,3.4575777,1536,0.46311903
3526603,14231675,30.003,C,15885,gmail.com,3.434084,9069,0.1636046
3473875,12685388,30.0,W,1444,yahoo.com,3.4339871,134,0.2507588
3474412,12694475,30.0,S,14415,,3.4339871,14,0.4518703
3564740,15369352,30.0,S,9359,,3.4339871,6,0.17001753
3564751,15369444,30.0,S,9359,,3.4339871,7,0.30423713
3564752,15369475,30.0,S,9359,,3.4339871,8,0.41314247
3564753,15369478,30.0,S,9359,,3.4339871,9,0.4851357
3564762,15369589,30.0,S,9359,,3.4339871,10,0.3700218
3467637,12498128,29.95,W,17188,gmail.com,3.432373,4809,0.09113991
3500834,13454514,29.757,C,9633,anonymous.com,3.4261177,3537,0.17862481
3507164,13650609,29.5,W,7919,gmail.com,3.4177268,521,0.109433495
3538881,14584024,29.5,W,15385,gmail.com,3.4177268,470,0.38637796
3465773,12425776,29.0,W,7757,aol.com,3.4011974,15,0.45174453
3475551,12743283,29.0,W,16485,msn.com,3.4011974,325,0.14995913
3485621,13059775,29.0,W,1482,,3.4011974,1,0.20349559
3485632,13059976,29.0,W,1482,,3.4011974,2,0.21243936
3490627,13196777,29.0,W,15986,gmail.com,3.4011974,74,0.14217527
3498139,13379177,29.0,W,7919,gmail.com,3.4011974,503,0.06382266
3506756,13641942,29.0,W,3178,gmail.com,3.4011974,289,0.078887515
3506869,13644273,29.0,W,10960,,3.4011974,236,0.33874795
3511755,13798638,29.0,W,6481,gmail.com,3.4011974,599,0.15322243
3513415,13831216,29.0,W,16485,msn.com,3.4011974,352,0.1429766
3522189,14085855,29.0,W,10960,,3.4011974,243,0.23982625
3523088,14134303,29.0,W,17055,gmail.com,3.4011974,237,0.15759666
3523491,14143355,29.0,W,10960,,3.4011974,244,0.3206782
3523789,14148967,29.0,W,10960,,3.4011974,245,0.40150177
3523918,14151032,29.0,W,10960,,3.4011974,247,0.4828339
3529684,14320022,29.0,W,10776,yahoo.com,3.4011974,98,0.36385477
3533325,14418620,29.0,W,13994,yahoo.com,3.4011974,20,0.16172116
3535633,14491895,29.0,W,12501,gmail.com,3.4011974,359,0.26325223
3540098,14606703,29.0,W,2581,yahoo.com,3.4011974,166,0.44837153
3540109,14606910,29.0,W,2581,yahoo.com,3.4011974,167,0.45797938
3541202,14657905,29.0,W,2581,yahoo.com,3.4011974,171,0.4874038
3545096,14766879,29.0,W,3178,gmail.com,3.4011974,317,0.10588242
3549990,14921597,29.0,W,2893,yahoo.com,3.4011974,22,0.27829996
3557738,15160785,29.0,W,12469,gmail.com,3.4011974,110,0.23684111
3565515,15389842,29.0,W,2744,,3.4011974,140,0.17823268
3573524,15700055,29.0,W,13780,yahoo.com,3.4011974,936,0.16281687
3505777,13620169,28.896,C,3643,hotmail.com,3.3977246,82,0.48875317
3525410,14184520,28.096,C,15885,gmail.com,3.3706007,9051,0.10681657
3488627,13140224,27.303,C,15257,hotmail.com,3.3429677,565,0.3829844
3525361,14182334,27.297,C,15885,gmail.com,3.3427558,9048,0.11945412
3477975,12796923,27.051,C,9633,hotmail.com,3.3340242,3419,0.35206616
3533761,14426512,27.0,W,3178,gmail.com,3.3322046,310,0.10111259
3507381,13655487,26.99,W,2884,gmail.com,3.3318472,131,0.14800641
3545412,14773573,26.95,W,4367,yahoo.com,3.3304172,2,0.013471389
3524276,14157389,26.498,C,15885,gmail.com,3.3141134,9015,0.3463356
3485016,13044429,26.191,C,15215,hotmail.com,3.302886,10,0.20659608
3512767,13818140,26.129,C,15885,gmail.com,3.3006032,8782,0.23172419
3542177,14673917,26.129,C,1487,hotmail.com,3.3006032,64,0.33428112
3483049,12963896,25.95,W,11162,att.net,3.2939832,10,0.04493655
3506897,13644797,25.95,W,11162,att.net,3.2939832,11,0.03572817
3546931,14837130,25.95,W,11162,att.net,3.2939832,14,0.041625835
3572872,15685940,25.95,W,11162,att.net,3.2939832,15,0.03751085
3526231,14225218,25.637,C,15885,gmail.com,3.2823012,9065,0.09931882
3522581,14094661,25.453,C,15885,gmail.com,3.2753696,8986,0.15207279
3465604,12421608,25.0,S,18227,,3.2580965,20,0.4820494
3467140,12483504,25.0,H,7826,anonymous.com,3.2580965,630,0.15014546
3468037,12506852,25.0,S,10486,,3.2580965,83,0.14255445
3481470,12927182,25.0,S,18227,,3.2580965,21,0.2734737
3490309,13192113,25.0,S,2616,,3.2580965,115,0.008097055
3490324,13192255,25.0,S,2616,,3.2580965,116,0.017071998
3490337,13192442,25.0,S,2616,,3.2580965,117,0.021724097
3490982,13202223,25.0,S,7919,,3.2580965,102,0.25874862
3492553,13228319,25.0,H,10023,yahoo.com,3.2580965,1723,0.07295927
3492619,13229581,25.0,H,10023,yahoo.com,3.2580965,1724,0.095743164
3492624,13229620,25.0,H,10023,yahoo.com,3.2580965,1725,0.28045377
3500331,13446699,25.0,S,18227,,3.2580965,22,0.08414134
3513392,13830554,25.0,W,9364,hotmail.com,3.2580965,66,0.36029094
3514287,13877491,25.0,R,2616,me.com,3.2580965,106,0.49885467
3514289,13877509,25.0,R,2616,me.com,3.2580965,107,0.47795752
3515887,13909239,25.0,H,3274,gmail.com,3.2580965,1,0.14008982
3518428,13990058,25.0,R,2616,me.com,3.2580965,110,0.39469165
3523408,14141497,25.0,S,18227,,3.2580965,23,0.08310463
3546602,14830751,25.0,S,18227,,3.2580965,26,0.04809411
3549696,14916239,25.0,S,2616,,3.2580965,225,0.03641492
3562418,15286275,25.0,H,2616,mac.com,3.2580965,233,0.022881463
3562433,15286564,25.0,H,2616,mac.com,3.2580965,234,0.057095565
3570861,15614617,25.0,S,7861,,3.2580965,130,0.14003742
3525527,14194309,24.961,C,15885,gmail.com,3.2565954,9058,0.15038235
3509221,13720555,24.715,C,15885,gmail.com,3.2470744,8727,0.21855815
3530998,14343350,24.715,C,15885,gmail.com,3.2470744,9179,0.36942628
3531005,14343416,24.715,C,15885,gmail.com,3.2470744,9180,0.32780582
3531156,14346583,24.715,C,15885,gmail.com,3.2470744,9182,0.22222172
3574436,15718235,24.653,C,13832,hotmail.com,3.2446606,1944,0.032268107
3550261,14927067,24.5,W,6053,yahoo.com,3.2386785,26,0.089797266
3577088,15801806,24.5,W,4900,hotmail.com,3.2386785,5,0.06611146
3531064,14344610,24.223,C,15257,hotmail.com,3.2277563,629,0.06567333
3528641,14280445,24.162,C,15885,gmail.com,3.225335,9130,0.16631034
3528642,14280520,24.162,C,15885,outlook.com,3.225335,9131,0.17568205
3461483,12259795,24.0,W,13780,gmail.com,3.218876,746,0.4359048
3462257,12273437,24.0,W,13780,gmail.com,3.218876,749,0.48645133
3463163,12328300,24.0,W,16485,msn.com,3.218876,316,0.21610183
3563288,15308033,23.301,C,9026,hotmail.com,3.1905174,1906,0.29492635
3485710,13065023,23.117,C,15885,gmail.com,3.1829169,8391,0.37805036
3522721,14100554,23.117,C,15885,gmail.com,3.1829169,8995,0.26539883
3522885,14127539,23.117,C,15885,gmail.com,3.1829169,9002,0.17261101
3503612,13538588,22.0,W,18132,,3.1354942,295,0.38099036
3508431,13705805,22.0,W,12544,,3.1354942,1860,0.1442464
3524528,14161938,21.887,C,15885,gmail.com,3.130569,9020,0.2079479
3524534,14162006,21.887,C,3154,gmail.com,3.130569,4090,0.22376741
3524541,14162075,21.887,C,15885,gmail.com,3.130569,9021,0.14701179
3524545,14162137,21.887,C,15885,gmail.com,3.130569,9022,0.1472357
3525243,14177754,21.887,C,15885,gmail.com,3.130569,9042,0.15965955
3537543,14540063,21.887,C,15885,gmail.com,3.130569,9312,0.29611003
3531044,14344212,21.702,C,15257,hotmail.com,3.122453,627,0.08122671
3531051,14344378,21.702,C,15257,hotmail.com,3.122453,628,0.078239605
3545926,14792684,21.395,C,15885,hotmail.com,3.1088376,9481,0.352832
3491494,13208847,20.0,S,7919,,3.0445225,104,0.48191762
3530197,14328457,20.0,S,2616,,3.0445225,48,0.057999
3536159,14501209,20.0,S,18227,,3.0445225,24,0.08234926
3554166,15031461,20.0,S,6832,,3.0445225,17,0.23230287
3560388,15229795,20.0,W,13994,yahoo.com,3.0445225,30,0.35516346
3571043,15617866,20.0,S,7861,,3.0445225,131,0.38899744
3544455,14752707,19.797,C,5812,gmail.com,3.0348086,2483,0.25893366
3565983,15433231,19.797,C,15885,hotmail.com,3.0348086,9778,0.42286566
3565994,15433465,19.797,C,15885,hotmail.com,3.0348086,9780,0.43950003
3565998,15433778,19.797,C,15885,hotmail.com,3.0348086,9781,0.332552
3471258,12601253,19.059,C,13832,hotmail.com,2.998678,1546,0.06788128
3471264,12601328,19.059,C,13832,hotmail.com,2.998678,1547,0.067300074
3471851,12614510,19.059,C,13832,hotmail.com,2.998678,1550,0.11113666
3471856,12614560,19.059,C,13832,hotmail.com,2.998678,1551,0.06435678
3486954,13110720,19.059,C,15885,live.com.mx,2.998678,8424,0.056815714
3541038,14654767,18.014,C,15885,gmail.com,2.9451756,9392,0.19303069
3559063,15193133,17.829,C,1164,hotmail.com,2.9353983,401,0.37008092
3473290,12674073,17.522,C,15885,gmail.com,2.9189591,8246,0.12914655
3491182,13204814,17.46,C,9633,gmail.com,2.9156063,3480,0.36274323
3551520,14949460,17.46,C,10568,gmail.com,2.9156063,858,0.39780828
3539545,14596056,17.276,C,11201,gmail.com,2.9055886,1240,0.38167712
3534942,14479255,17.091,C,9026,gmail.com,2.8954146,1808,0.34873486
3461334,12257547,16.969,C,13832,gmail.com,2.888648,1514,0.39464137
3485064,13045412,16.723,C,15974,gmail.com,2.8748631,4,0.06835336
3570979,15616651,16.723,C,15890,gmail.com,2.8748631,189,0.3092408
3571000,15617211,16.723,C,15890,gmail.com,2.8748631,190,0.42072502
3537557,14541234,16.231,C,15885,outlook.com,2.8467102,9313,0.20711744
3542992,14687166,15.985,C,13832,hotmail.com,2.8323307,1836,0.11826413
3524408,14159756,15.337,C,1976,gmail.com,2.7934325,794,0.4712092
3459883,12229656,15.247,C,9026,gmail.com,2.7879083,1578,0.42820132
3459887,12229771,15.247,C,9026,gmail.com,2.7879083,1579,0.3176397
3459892,12229888,15.247,C,9026,gmail.com,2.7879083,1580,0.4122184
3459909,12230579,15.247,C,9026,gmail.com,2.7879083,1581,0.42982268
3459918,12230729,15.247,C,9026,gmail.com,2.7879083,1582,0.3207262
3461179,12254662,15.0,W,13780,gmail.com,2.7725887,745,0.37426516
3542433,14677989,15.0,S,18227,,2.7725887,25,0.053158086
3571428,15625269,15.0,S,18227,,2.7725887,29,0.05446852
3475910,12754004,14.879,C,14276,gmail.com,2.7649975,719,0.36843836
3488695,13141799,14.571,C,9633,gmail.com,2.7454102,3470,0.2956129
3565388,15384920,14.219,C,2650,gmail.com,2.7225447,505,0.47320268
3526853,14236222,13.833,C,4461,gmail.com,2.6968544,2351,0.3222579
3496880,13360094,13.381,C,9300,hotmail.com,2.6659079,973,0.15362385
3560196,15216392,13.372,C,12778,hotmail.com,2.6652818,124,0.39921787
3526816,14235308,13.341,C,4461,gmail.com,2.6631227,2349,0.39097685
3460869,12249419,13.0,W,13780,gmail.com,2.6390574,743,0.30582497
3531174,14346941,12.603,C,13832,hotmail.com,2.6102903,1762,0.06835145
3576642,15792908,12.358,C,7794,hotmail.com,2.5921154,131,0.44036433
3524975,14170518,11.866,C,15885,gmail.com,2.554588,9034,0.120161586
3543624,14711998,11.804,C,9938,gmail.com,2.5497577,23,0.33542076
3524593,14163101,11.066,C,15885,gmail.com,2.4903915,9023,0.20001918
3524963,14170292,10.943,C,15885,gmail.com,2.4801452,9033,0.13976638
3464877,12379325,10.821,C,5812,gmail.com,2.4698777,2156,0.41864568
3483927,13020914,10.0,S,11899,,2.3978953,210,0.17523536
3491511,13209066,10.0,S,7919,,2.3978953,105,0.335163
3554417,15036985,10.0,S,18227,,2.3978953,27,0.047562603
3573990,15709179,10.0,S,18227,,2.3978953,30,0.07524665
3576671,15793300,10.0,S,18227,,2.3978953,31,0.06918429
3530327,14330602,9.222,C,9938,gmail.com,2.3245423,20,0.19058417
3537564,14543490,8.915,C,15885,gmail.com,2.2940488,9314,0.20651199
3537566,14543538,8.915,C,15885,gmail.com,2.2940488,9315,0.21578711
3539084,14587584,8.915,C,15885,gmail.com,2.2940488,9345,0.23712248
3531505,14356385,8.485,C,15257,hotmail.com,2.2497115,632,0.36645672
3539153,14588580,7.378,C,15885,gmail.com,2.1256092,9350,0.24344324
3486229,13097668,7.0,S,11899,,2.0794415,212,0.4475217
3462062,12269733,6.886,C,15885,anonymous.com,2.065089,8110,0.098997064
3560292,15220411,6.886,C,10369,hotmail.com,2.065089,146,0.2692275
3499114,13394681,6.763,C,15257,outlook.es,2.0493689,572,0.4365418
3533487,14421212,6.763,C,9633,gmail.com,2.0493689,3719,0.3031379
3562552,15288187,6.394,C,15885,gmail.com,2.0006688,9706,0.379036
3468513,12515707,6.271,C,15885,hotmail.com,1.9838939,8200,0.07519939
3461857,12266328,5.902,C,9026,hotmail.com,1.9318112,1591,0.106451385
3539118,14588092,5.735,C,15885,gmail.com,1.9073178,9347,0.23690192
3539147,14588533,5.735,C,15885,gmail.com,1.9073178,9348,0.28552878
3484796,13039997,5.0,S,11899,,1.7917595,211,0.08534599
3491532,13209372,5.0,S,7919,,1.7917595,106,0.29952505
3550946,14939011,5.0,W,5355,,1.7917595,5,0.43447962
3532040,14393298,4.109,C,1191,gmail.com,1.6310037,1,0.38596642
3478533,12836640,3.935,C,5365,outlook.com,1.5963527,407,0.15744674
3523728,14147917,3.935,C,15257,gmail.com,1.5963527,619,0.18044487
3544287,14749509,3.935,C,15257,gmail.com,1.5963527,641,0.08798895
3544296,14749627,3.935,C,3154,gmail.com,1.5963527,4238,0.21051617
3544303,14749701,3.935,C,3154,gmail.com,1.5963527,4239,0.16778535
3564124,15355590,3.935,C,3154,gmail.com,1.5963527,4348,0.09141012
3531459,14354525,2.231,C,7279,gmail.com,1.1727917,0,0.23861882
