feature_name,mean_abs_shap,native_gain,shap_share_pct,gain_share_pct,is_engineered
C13,0.24962629032386494,222014.46395897865,4.080625026474081,2.1514802931021206,false
card6,0.22625933396089162,177215.06232452393,3.6986468830518984,1.7173417777975268,false
V258,0.2215850509798714,1099959.8655059338,3.622236677666775,10.659404489414431,false
C14,0.20814273398142177,549576.5635309219,3.402495980136458,5.325793305998457,false
C1,0.17525628846938007,178598.10894989967,2.864903355521053,1.7307444971784005,false
DeviceInfo,0.14830963740024203,23795.963221490383,2.42440817134102,0.23060004746302898,false
C11,0.12315918181008642,133338.21585559845,2.013275279948602,1.292143487478916,false
D2,0.11476509588295196,363011.5518774986,1.8760576933546622,3.517843775156754,false
V294,0.10576154433539894,558733.0726699829,1.728877211184985,5.414526484076166,false
TransactionAmt,0.10212732522989139,181972.09552669525,1.6694688635530746,1.7634408607383352,false
D15,0.09909543005750684,128374.570707798,1.619906666790759,1.244042185757341,false
P_emaildomain,0.09740274421170744,78164.25874711946,1.5922364393665318,0.757468046543287,false
M4,0.09352230979333763,129683.19508552551,1.5288032257388828,1.2567236998783036,false
card1,0.09180593471522432,212815.4272788763,1.5007457519468443,2.06233499247693,false
D1,0.09103231973746306,97467.38037967682,1.4880995173094107,0.9445292183571825,false
fe_time_rel_days,0.08687877687963123,178565.15613114834,1.4202018174629258,1.7304251605960834,true
C5,0.08256927760064126,94545.64737415314,1.349754707959343,0.9162155181099243,false
M6,0.0813672702853259,49641.40616226196,1.3301055711375878,0.48106103167998354,false
M5,0.080141660469464,41617.48247909546,1.310070605746684,0.40330342359514343,false
V69,0.07895269420223118,118809.9849653244,1.2906346501051162,1.1513544510500218,false
V70,0.07704785304213807,87076.6979675293,1.2594963333066362,0.8438360110634957,false
R_emaildomain,0.07221403844755739,111811.78883635998,1.1804782748225302,1.0835368828148617,false
V90,0.06842569051208515,178366.3239326477,1.1185503930500489,1.7284983331764636,false
C2,0.06816624828908703,136589.82959139347,1.1143093075990067,1.3236539699429584,false
C6,0.06308549542948354,82197.70558619499,1.031254565066362,0.7965550557083722,false
card2,0.0629673760542005,187594.54223573208,1.0293236751818626,1.8179264247768328,false
V91,0.059331834220651906,85358.53629684448,0.9698937049991365,0.8271857851776506,false
fe_stat_card1_hist_mean,0.056728701346065974,93093.24977362156,0.927340458137633,0.9021407377574611,true
D3,0.05481338636776535,80678.52350473404,0.896030926501786,0.7818330855645665,false
D4,0.05419156432198484,81274.79962062836,0.885866041229753,0.7876114312169972,false
fe_stat_card1_hist_std,0.053052499421475836,94891.42047801614,0.8672458200432553,0.9195663088898595,true
D11,0.05286333670140643,54688.75830245018,0.864153589138451,0.5299735145350115,false
dist1,0.051385206396445636,89279.98437595367,0.8399906874385249,0.8651874455748104,false
V45,0.048650594033517965,43510.85572385788,0.7952881537775451,0.4216515760125726,false
card3,0.04852716977198574,62173.791568279266,0.793270545256307,0.6025088857783039,false
D8,0.04805977852431089,57883.52367901802,0.7856301303787616,0.5609330953938545,false
fe_time_sin_hour,0.04738130753421141,41074.93221916258,0.7745392084316196,0.3980457202390293,true
fe_time_rel_hours,0.047210072751832685,66944.66671010852,0.7717400443793441,0.6487421070984832,true
addr1,0.04663564732995277,148259.10569381714,0.7623499486914058,1.4367376723352985,false
fe_stat_card1_prod_mean,0.0443806299179578,112313.32582187653,0.7254873230657838,1.0883971379593196,true
D10,0.043552495507724054,89814.4494150877,0.711949862747402,0.8703667973095757,false
fe_net_card_unique_addr_count,0.041274188499377557,76580.34881445765,0.6747065235775245,0.7421188168336398,true
id_14,0.040959321828520086,12564.6208268404,0.6695594182168007,0.12176023857725939,false
fe_amt_cents,0.04029728666778356,37744.11193341017,0.658737171722642,0.3657676691748194,true
fe_stat_card1_prior_txn_count,0.0375705752274025,70067.83656466007,0.6141637939379688,0.6790078757076844,true
V312,0.036278985393260514,107121.76207351685,0.5930502574018077,1.0380871406023773,false
card5,0.03622717802604703,74849.85416698456,0.5922033656784528,0.7253490755070342,false
fe_stat_card1_addr1_mean,0.035727374742756834,102755.80395704508,0.5840331133245767,0.9957778573214742,true
fe_stat_amt_zscore_card1,0.03552613764285606,58467.97996452451,0.5807435033037541,0.5665968983642736,true
id_02,0.034223064911081805,39368.184330523014,0.5594422565733106,0.3815061021338766,false
ProductCD,0.032460455746317174,41249.43313407898,0.5306289971193504,0.39973675997074815,false
V165,0.032310345351793376,17017.92305767536,0.5281751520863093,0.16491594932698528,false
fe_stat_amt_to_card1_prod_mean_ratio,0.031320464140523314,47603.091972857714,0.5119936271407418,0.46130829696417713,true
V187,0.03020847062083826,45963.751569747925,0.49381594008776064,0.44542190601431325,false
M7,0.030198218338960088,3624.1192207336426,0.4936483466906218,0.03512032929846287,false
fe_stat_amt_coef_variation,0.028890539350092156,79753.59216606617,0.4722718017696293,0.7728698337469544,true
C4,0.028879801008985406,222011.9241194725,0.4720962627933213,2.1514556802253395,false
id_31,0.028369733175742113,18400.97591203451,0.46375821649686916,0.1783187290712012,false
C8,0.027955418781268223,68107.44709968567,0.4569854455490449,0.6600102877781125,false
fe_freq_card1_addr1_cumulative,0.027496274054432873,73572.50970193744,0.44947983602102953,0.7129706863019069,true
V189,0.02719884776064887,17560.14327430725,0.4446178273905611,0.17017045432545522,false
fe_nov_email_mismatch,0.026539805096092196,11045.792733192444,0.4338444990403501,0.10704169883069035,true
fe_net_card_unique_device_count,0.025895844312115064,16706.185482025146,0.4233177132288247,0.1618949873649989,true
D13,0.025737621685654185,13361.597709178925,0.42073125805836553,0.1294835194204666,false
V156,0.02434970700339737,25635.956558465958,0.39804310538149773,0.24843091007148319,false
id_17,0.024279953340608434,15752.510276317596,0.39690284671044396,0.15265318674304026,false
fe_stat_amt_diff_hist_mean,0.024252340855836572,45776.332563489676,0.3964514671852465,0.44360568065977096,true
id_20,0.023184478516451994,29988.473415076733,0.3789951897183643,0.29060993784925493,false
fe_amt_log1p,0.023053335768927208,41892.91456460953,0.3768514075995181,0.4059725591708374,true
V62,0.023000960426415095,34642.81716346741,0.3759952312202281,0.3357138859138091,false
fe_stat_amt_to_hist_mean_ratio,0.022900074422147174,34268.7312926352,0.374346054151168,0.3320887240001594,true
V310,0.02085357595935321,46947.51407241821,0.3408920744718514,0.45495527424557863,false
V87,0.020671282708423368,20175.92907810211,0.3379121383403784,0.1955193055105779,false
V30,0.020576474740342608,10178.42707824707,0.3363623185407188,0.09863630001003793,false
D5,0.020190746972554897,37693.50785064697,0.33005685135375545,0.365277279112505,false
fe_freq_card_full_cumulative,0.020045042472547507,58811.34225773811,0.327675029197008,0.5699243266501168,true
C9,0.019641466868275035,36766.34160757065,0.3210778045668137,0.35629236945915554,false
C12,0.019592557368489753,16707.3727735281,0.32027828409724607,0.16190649307604685,false
M3,0.018965870465443846,15501.468647003174,0.3100338733141717,0.1502204122805709,false
id_06,0.018629929896120348,23060.88600771129,0.3045422742810294,0.22347661905592148,false
V149,0.018595191394652506,27568.38591313362,0.3039744062159792,0.26715754436476835,false
id_30,0.01809013608832905,20136.752398729324,0.29571829937697935,0.19513965522961554,false
V38,0.01799483183806314,23568.214071273804,0.2941603668841323,0.22839299392370524,false
V308,0.01779933024857035,44312.309284210205,0.29096451488567204,0.42941823909472726,false
V55,0.017622720888310583,8893.365062236786,0.2880774929520024,0.08618312216946689,false
fe_roll_card_txn_count_24h,0.017440798563154655,39856.413551449776,0.28510362032046793,0.3862373954406704,true
fe_stat_amt_to_card1_addr1_mean_ratio,0.017294815778087193,38495.3507809937,0.2827172490556151,0.3730477154707551,true
V317,0.01703135931869024,44611.687514305115,0.2784105431385153,0.432319430083581,false
C10,0.016966233827609832,56944.95366001129,0.27734594089481995,0.5518376749262828,false
dist2,0.016505284830562586,11043.9724111557,0.2698108370768737,0.10702405859716992,false
V283,0.01627140887773014,44352.60484313965,0.26598768181153537,0.42980873212563286,false
fe_time_diurnal_hour,0.01619210803067643,26952.126356065273,0.26469135592900067,0.26118554475345757,true
fe_time_cos_hour,0.016076569891785897,30575.754451274872,0.2628026613509686,0.29630111469134734,true
V94,0.015965002234076875,10480.74898147583,0.26097887197525066,0.10156601731480769,false
id_38,0.015947774823157915,3800.960750579834,0.2606972565891227,0.03683405127711922,false
fe_miss_total_count,0.0158188541965735,32637.098141372204,0.25858979933938125,0.31627702187987294,true
DeviceType,0.015525818125273696,7361.696720123291,0.2537995573954969,0.07134015115369352,false
V2,0.015178467624653493,3086.6241188049316,0.2481214409441001,0.029911614069655947,false
V139,0.014579527907011365,13397.511021614075,0.23833061162885097,0.12983154532196156,false
fe_lag_amt_diff_1,0.01450860202912357,20649.68632364273,0.23717119083243532,0.20011035493735452,true
fe_roll_card_amt_mean_24h,0.014086698025808642,23628.129759013653,0.23027435303356864,0.22897362015463302,true
V128,0.01396705399289902,36250.82908821106,0.22831853966821408,0.3512966813113126,false
D6,0.01385712283908861,11555.186433315277,0.2265215021172176,0.11197809120667153,false
V281,0.013547929242326836,18858.290271759033,0.22146713413644645,0.18275043507429167,false
fe_velo_time_since_prev_tx,0.013414536252816502,34414.21835613251,0.2192865674555658,0.33349859858415765,true
id_15,0.013355367193810338,2765.31893157959,0.21831933462660283,0.026797935050461335,false
V316,0.013258682984745038,2458.1161239147186,0.21673884403538807,0.023820918261146507,false
V285,0.013187639135954898,30290.818613052368,0.21557749477616556,0.2935398808969243,false
V201,0.013169876297151523,4799.70467376709,0.2152871267846041,0.04651260027917842,false
fe_nov_email_match,0.013051619831579193,39428.03575897217,0.21335399589390044,0.38208610564592776,true
fe_roll_card_amt_sum_24h,0.012985517279036435,22237.94419169426,0.21227342168887645,0.21550171927706088,true
V67,0.012322291771216121,14205.01351737976,0.2014317166669563,0.1376568269513227,false
id_01,0.011490489455751362,40254.31484377384,0.18783429733600016,0.39009334596645806,false
V53,0.011396071021946686,28765.045413970947,0.18629084522827558,0.2787540380692534,false
V54,0.010601976276960521,17809.47949409485,0.17330982914387996,0.17258670213951074,false
V37,0.010412353465732785,9296.11216545105,0.17021007715829234,0.09008603209802703,false
id_13,0.010165210885434497,6917.940908908844,0.1661700531809935,0.06703983726534328,false
V29,0.010076473365828393,6169.294565200806,0.16471946661488257,0.059784914201914376,false
V280,0.009613487242230698,19745.870389938354,0.1571510620193096,0.19135172662421923,false
fe_inter_amt_x_prod_c,0.00949365353415133,6296.026885032654,0.1551921480460681,0.06101304179214073,true
V169,0.009429279611625024,3044.4685754776,0.15413983164553055,0.02950309644834221,false
id_05,0.009387492826305783,11204.13108575344,0.15345674573447382,0.10857611167525254,false
V82,0.009379222339964069,18608.57011795044,0.1533215486224095,0.180330466662644,false
V49,0.009353272259801043,7146.050818443298,0.15289734431918942,0.06925038682267017,false
card4,0.009005517214396871,18249.27887916565,0.14721261480004377,0.17684867540478905,false
id_19,0.008987992576615157,19362.785444140434,0.14692614066537157,0.18763935718318767,false
V314,0.008860870732139965,24955.804792881012,0.14484808799189716,0.24183974887468387,false
V56,0.0087402768464249,6405.566505074501,0.14287674744339082,0.062074559720438745,false
V224,0.00856915104083998,5263.6759214401245,0.14007936482780417,0.05100881632805251,false
C3,0.008349892910507879,5134.135402679443,0.1364951661733664,0.04975347526467329,false
V133,0.008111182961709424,12200.320293426514,0.13259298988467685,0.11822990364128247,false
V83,0.008107376323960835,23319.843461990356,0.13253076302049738,0.22598610357192242,false
V243,0.008008242123628146,17312.488706111908,0.13091022257849413,0.16777050292829107,false
V315,0.00788282467148604,24967.67506980896,0.12886003149764402,0.2419547804200559,false
V24,0.007854060472337707,4670.7999839782715,0.12838982497108428,0.04526342085715514,false
V36,0.007635161979354475,11378.855138778687,0.12481150528542158,0.11026931377619403,false
V291,0.007464105284906791,4452.544429779053,0.12201525242518181,0.043148367110898034,false
V152,0.007445682717532561,5781.69532585144,0.12171409989280368,0.05602879800024378,false
V335,0.007290950271729011,9147.451152801514,0.11918469848266247,0.08864539965739839,false
V336,0.007222376361178397,6868.397981643677,0.11806372514610809,0.06655973056520822,false
V76,0.007047293538387876,13408.790542602539,0.11520165742296162,0.12994085201617225,false
fe_amt_is_round,0.006989677293624467,3370.5197830200195,0.11425980834926033,0.03266276782767756,true
fe_miss_d_count,0.006875297754954659,12628.480777740479,0.11239005333504674,0.12237908756317667,true
fe_dev_browser_family,0.006654871673235318,10426.433421134949,0.10878676225386862,0.10103966035770512,true
V225,0.006582775796124554,6755.90661239624,0.10760821555487272,0.06546960805803387,false
V313,0.006569751363464279,24354.114200353622,0.10739530598593192,0.23600893303825798,false
V99,0.006450439379919775,7002.770652770996,0.10544492061034386,0.06786189867041481,false
id_09,0.006449798165975097,10627.965281963348,0.10543443872693893,0.1029926494525265,false
id_18,0.006410084600366257,8723.191394805908,0.10478524360608968,0.08453401658709322,false
V131,0.006392403811913716,6042.580176353455,0.10449621688637346,0.05855696037586128,false
V102,0.006386600194943,18159.08655643463,0.1044013455303795,0.17597464674249097,false
V266,0.006303792566473084,4246.685005187988,0.1030476945159815,0.041153440801777685,false
V75,0.006192181205427989,11193.231225013733,0.10122319072461979,0.10847048416269835,false
V282,0.006090886445936472,9047.649241447449,0.09956733176002322,0.08767824715002,false
fe_lag_amt_1,0.005944594435437561,11570.13577479124,0.09717590560679007,0.11212296110841961,true
id_33,0.005875107117615155,9130.772546052933,0.09604000085989506,0.08848377192785278,false
D14,0.005868927201804196,7999.429847002029,0.09593897817079054,0.07752024514518911,false
V86,0.005796903085731301,6053.01375579834,0.09476160454489795,0.0586580692863435,false
V223,0.005749329431661893,7511.583617687225,0.09398392105993895,0.0727926633033641,false
V307,0.005613571141214519,14458.94693851471,0.09176468895569159,0.14011762496236033,false
V23,0.0056008869550435445,3253.129425048828,0.09155734137438283,0.031525170586166815,false
M9,0.005574944763015996,7081.15958404541,0.09113326601800963,0.06862154395580217,false
V12,0.005515715153535804,10011.89459991455,0.0901650433743146,0.09702248017638927,false
V124,0.005503922553011696,5255.178073883057,0.08997227048663736,0.05092646605579189,false
fe_freq_card1_cumulative,0.005468264021712178,9982.069498062134,0.08938936275268297,0.09673345342682085,true
V20,0.005428873042225998,11549.296005249023,0.08874544092658009,0.1119210087099887,false
V217,0.005400901697009385,3454.020315170288,0.08828819513260955,0.03347194821251068,false
V158,0.005352695459167678,7448.552848815918,0.0875001708411224,0.07218184968938827,false
V320,0.0052425266273518805,32233.115995407104,0.08569924798295027,0.31236214349623026,false
V251,0.005209317602953866,2498.6224670410156,0.08515638218188618,0.02421345394295669,false
fe_miss_global_ratio,0.005187708534283981,9029.12250995636,0.08480314011632197,0.08749870975868121,true
V130,0.005159361532622433,15320.25787870586,0.08433975349043596,0.1484643492298248,false
V257,0.00502674220438552,13763.407644748688,0.08217183380098492,0.13337734751857966,false
fe_nov_email_both_present,0.004923048596731981,2241.806079864502,0.08047676101867726,0.021724717911514865,true
V52,0.004855519755527699,3912.528720855713,0.07937287136398795,0.03791522538221855,false
V35,0.004825891854760827,8006.582893371582,0.07888854596222704,0.07758956332394787,false
fe_miss_v_count,0.004778964161688772,3671.842502593994,0.0781214219604399,0.03558280232212891,true
fe_lag_amt_2,0.004770121359039398,10905.28534257412,0.07797686923024312,0.10568008086868956,true
V293,0.004690512482579464,2007.3495292663574,0.07667550801067598,0.019452664824497024,false
D12,0.004671325395718082,8894.122200012207,0.07636185792706457,0.08619045938062843,false
fe_dev_os_family,0.004641384090301311,11401.025119781494,0.07587240931950619,0.11048415688314946,true
V333,0.004416630366193428,8271.914254188538,0.07219837454457127,0.08016081559175113,false
id_03,0.004411320539465659,9647.56830406189,0.07211157514614466,0.09349189558379839,false
V141,0.004280262740185065,1639.9520263671875,0.06996918167082136,0.015892318020387253,false
V160,0.004161308587349608,8562.589772105217,0.06802464573098256,0.08297767102239793,false
V127,0.004080016228673695,8341.742162704468,0.0666957647351401,0.08083749839160835,false
fe_velo_log_time_since_prev_tx,0.003936712869111902,8699.008387804031,0.06435319386791698,0.08429966580622653,true
V13,0.0038933459433796824,12615.2027592659,0.06364427750243903,0.12225041398682455,false
V44,0.0038741066681199613,5957.413947537541,0.06332977429841279,0.05773163818888377,false
V332,0.0038140085896618695,2336.450538635254,0.06234735484779754,0.02264189098332974,false
fe_roll_card_amt_sum_1h,0.003804755513211231,8609.91060256958,0.0621960953979721,0.08343624400175173,true
V19,0.003782267084070899,7055.948263168335,0.061828478482954585,0.06837722807176985,false
V77,0.003706617378442622,5687.590622186661,0.06059183757613488,0.05511685554472702,false
V81,0.003670063968178639,2240.2896995544434,0.059994301312896486,0.021710023092556843,false
V324,0.0035700609877464167,5060.541072845459,0.05835955897808756,0.04904029312555315,false
V5,0.0035496031080415667,3351.070671081543,0.058025135325018413,0.03247429190449762,false
V261,0.003521885111054858,4219.890250682831,0.05757203099838298,0.040893780303770645,false
V74,0.003434262984210388,5455.405975341797,0.0561396776865161,0.05286681884378532,false
V58,0.003410139357736612,2987.4927310943604,0.055745330305114534,0.0289509594200266,false
V309,0.0033382594794590026,4022.7274355888367,0.054570314525250255,0.038983130413475016,false
V248,0.003266325896918046,3265.9994049072266,0.053394420845222654,0.03164988997401301,false
V48,0.0032521418003774597,2755.979991912842,0.05316255432488801,0.026707433988984595,false
V209,0.0032389076151882945,2367.288598060608,0.05294621594475252,0.022940734022418488,false
V79,0.0032221705437101723,1969.8625288009644,0.052672616106150164,0.01908938875089983,false
V64,0.003206930257081804,4035.804618835449,0.05242348411390018,0.039109857751607226,false
V61,0.003205811141450606,8933.70724105835,0.05240519000214512,0.08657406698075375,false
D7,0.0031826357834316785,1088.483112335205,0.05202634390461734,0.010548186473095538,false
D9,0.0031754766496326814,6248.167725086212,0.051909314001596464,0.06054925201181264,false
V276,0.0031476677322541,424.64967703819275,0.05145472340512138,0.004115161667073463,false
fe_roll_card_txn_count_1h,0.0031436407439639205,4086.3483867645264,0.051388894484710367,0.03959966331967431,true
V207,0.0030873334950395877,3163.474820137024,0.05046844348239632,0.030656352797388677,false
V205,0.003044241969491535,3646.8477115631104,0.049764029066141545,0.035340584768487504,false
V233,0.0029603323084543103,1740.6701889038086,0.04839236319574295,0.016868349662609604,false
V296,0.0029257681459105363,12768.463203430176,0.04782734503795095,0.12373561823636589,false
V34,0.002894935298933405,1480.4640808105469,0.04732332245744033,0.014346764790504644,false
V192,0.0028009825066562075,592.2513961791992,0.04578748216202894,0.005739343215391586,false
M8,0.002765142451227539,3912.368938446045,0.0452016070647277,0.037913676975419044,false
V164,0.0027605491009331557,3293.035475254059,0.045126519860802565,0.03191188899658516,false
V170,0.0027496777656324956,1296.3134350776672,0.04494880683689988,0.012562212206896734,false
V157,0.002693729820645619,1046.6508750915527,0.04403422935310583,0.010142801920930866,false
M2,0.0026764740070538812,3203.6064348220825,0.043752149670299736,0.0310452570903145,false
V227,0.002664980152298389,772.8778018951416,0.04356426036062379,0.007489743371227928,false
V323,0.0026121791597899895,5348.586494445801,0.04270112590802704,0.05183166102582623,false
fe_dev_category,0.002569455681840529,3872.723133087158,0.04200272794236246,0.03752948052527439,true
V4,0.0025088693837688626,4958.33890914917,0.04101232759690244,0.0480498804416949,false
id_32,0.0025046525682472487,7342.068484306335,0.04094339558286178,0.07114993939093042,false
V6,0.002485552932388047,2555.8181743621826,0.040631175055198275,0.02476772160172628,false
V72,0.0024416289946869985,1645.696783065796,0.039913153250637365,0.015947988856445963,false
V51,0.0024414738706687042,1413.1873970031738,0.03991061744821672,0.013694805198252266,false
V231,0.002431012733735485,6248.323257446289,0.0397396099108308,0.0605507592325661,false
addr2,0.002391797999162278,3241.6972999572754,0.03909856914906506,0.03141438504812503,false
V129,0.002357853703274401,4064.2309970855713,0.03854368391191154,0.03938532986058074,false
V338,0.002327304340537429,1042.8614234924316,0.03804429543017114,0.010106079401632845,false
V339,0.002311936366125107,1245.4272966384888,0.037793076133871166,0.01206908882163753,false
V200,0.0022777115694380817,5650.487464904785,0.0372336055680671,0.054757299188441265,false
V181,0.002258806491681845,552.7899932861328,0.03692456546928804,0.005356933758148825,false
V33,0.0021831703399524814,1629.6077995300293,0.035688146127188305,0.015792075001123267,false
V159,0.002172205904070987,6038.59856325388,0.03550891119403623,0.058518375673019235,false
V11,0.002168184456659641,2314.034906387329,0.035443172850017676,0.022424667338622764,false
fe_id_populated_count,0.002144824235029613,3294.287658214569,0.03506130479884485,0.03192402355266252,true
V78,0.0021423989285999606,6156.649920463562,0.03502165846952246,0.059662378473924665,false
V311,0.0021345876906786626,8710.741378307343,0.03489396866205852,0.08441336694712018,false
V337,0.0021015188560349223,1169.6844215393066,0.034353394533954834,0.011335085729168314,false
V96,0.0020489338778004918,3021.029456615448,0.03349379125289972,0.029275954480110285,false
V184,0.001990541140270467,811.3317222595215,0.03253924890153036,0.007862389596078252,false
V267,0.0019447536262969663,6193.343264102936,0.03179076333465401,0.060017963440419125,false
V7,0.0019438977466186848,5281.727844238281,0.0317767723242107,0.05118375248068088,false
V171,0.0019297783159542877,1033.5067119598389,0.03154596289282448,0.010015425499399938,false
V244,0.0018981224122580518,1136.0711059570312,0.031028485856688093,0.011009348456147894,false
V210,0.0018932896465691758,754.3890085220337,0.030949484944598555,0.00731057362761686,false
V136,0.0018659613840393767,5343.5158631801605,0.030502751582241288,0.05178252295145452,false
V47,0.0018586380892787096,3373.32257270813,0.03038303815046351,0.03268992888138618,false
V126,0.0018577098630559645,2735.8554685115814,0.030367864495677997,0.026512412841561132,false
V300,0.0018499447330577931,1477.4338970184326,0.030240928411488902,0.014317400123910596,false
V66,0.0018310140761424215,5545.604112625122,0.029931470171828976,0.05374090385328926,false
V145,0.0018169382927499108,8734.304775714874,0.02970137423960891,0.08464171326409799,false
V319,0.0017841888247714305,716.355110168457,0.029166020777987075,0.006941997719009893,false
V215,0.0017810293081341566,1135.1432257294655,0.029114372361288277,0.01100035662746985,false
V143,0.0017594086916705083,2842.675037384033,0.02876094152467689,0.027547571512075538,false
V290,0.0017329885577075604,1709.9422779083252,0.028329053282007702,0.016570574041255524,false
V203,0.0017159029664053351,1350.0008735656738,0.02804975621209766,0.01308248221018544,false
id_36,0.0017011272450813439,915.2035179138184,0.0278082184392106,0.008868982217902395,false
fe_id_completeness_ratio,0.0016031727847221297,2093.166494369507,0.02620696313121406,0.020284293115468973,true
V264,0.0015846181585232137,1709.525631904602,0.02590365184166225,0.016566536440955862,false
V177,0.0015804755735077181,1143.374984741211,0.02583593326896465,0.011080128309798659,false
V230,0.0015619461561640006,1647.2123756408691,0.02553303406695889,0.01596267604168379,false
V123,0.0015615709371586692,1418.3375911712646,0.0255269003858407,0.013744714294536843,false
V306,0.0015529841401337153,2767.3685669898987,0.025386532563237477,0.026817797495973617,false
V268,0.0015401146254674725,1902.3469219207764,0.025176155428851866,0.01843511382173849,false
V43,0.0015311473172419578,1451.0460906028748,0.025029567413953006,0.014061683246420327,false
V40,0.001521570076789828,1411.6502500772476,0.024873008875896708,0.013679909135807687,false
V229,0.0014875818160814743,2275.0585346221924,0.0243174049486305,0.022046958182858897,false
C7,0.0014397642287031628,2689.2751932144165,0.02353573390144876,0.026061016375934287,false
V256,0.0014288616573463226,525.5708923339844,0.02335751026373047,0.0050931610369925814,false
V208,0.001421756993490835,1559.5156860351562,0.02324137077739762,0.015112831864451054,false
V206,0.0014151962362427286,2819.6757860183716,0.023134122497641067,0.027324692177157675,false
id_11,0.001408809554176799,2236.022415161133,0.0230297198137709,0.021668670028825977,false
id_04,0.0014070341130038762,1835.243803024292,0.023000696790299043,0.01778483619866367,false
V199,0.0013720798210465172,1965.4812812805176,0.02242930121189732,0.01904693130226628,false
V211,0.0013703721216886424,746.3903961181641,0.02240138555954998,0.0072330613040852395,false
V277,0.0012910979931937908,1061.649806022644,0.0211054964435906,0.010288152380267628,false
V202,0.0012808064389372626,1820.7482213974,0.02093726106339078,0.017644363557146613,false
V259,0.0012658043646825647,340.64690017700195,0.020692023113600643,0.0033011141687262374,false
V147,0.0012579059663570312,1540.4513568878174,0.020562908500574836,0.014928084764058124,false
V73,0.0012260706974977966,986.6693153381348,0.0200424993935734,0.009561537342678656,false
fe_amt_is_round_10,0.0012221615432012037,1451.0109996795654,0.019978596697930527,0.014061343190062641,true
V263,0.001218111197883616,1879.7224917411804,0.01991238596168409,0.018215866774469267,false
V271,0.0012006000674125374,3683.434181213379,0.019626132630156275,0.03569513404894013,false
V148,0.001194824210226507,4211.792331695557,0.019531715061589766,0.04081530562781675,false
V135,0.0011921508111406587,1145.4981880187988,0.019488013177460045,0.011100703681008815,false
V161,0.0011828308343106004,2357.3870544433594,0.019335660111404574,0.022844780922859458,false
V218,0.00117716627699412,1084.4676990509033,0.01924306195469785,0.010509274222083677,false
V10,0.0011759745254728091,1741.5939083099365,0.019223580468685744,0.016877301169926747,false
V288,0.0011505220864537504,1456.1586990356445,0.018807511073466086,0.014111228109819334,false
V289,0.0011220308709303979,2998.897373199463,0.018341766992790845,0.029061478628106416,false
V182,0.0010978657606039045,373.45331168174744,0.01794674147749812,0.003619031959221635,false
V221,0.0010851603305092274,968.5611915588379,0.017739046623125244,0.009386056562005692,false
V85,0.0010781328719980888,864.100700378418,0.01762416920762604,0.008373759055911822,false
V279,0.0010707604288349125,897.1654143333435,0.017503652350051125,0.008694179983461052,false
V166,0.0010371231784486721,1737.8639888763428,0.01695378636610454,0.016841155560252785,false
V226,0.0010287247050073509,1591.2051086425781,0.016816497057096386,0.015419925226855815,false
V318,0.0010242963311858269,1517.6301946640015,0.016744106713037478,0.014706931241379085,false
V146,0.0010092014288541392,581.9911041259766,0.016497351308600902,0.005639913584725452,false
V219,0.000977215904534071,1109.1038084030151,0.01597448598517672,0.010748015891543424,false
V234,0.0009711183709326008,1687.5267848968506,0.015874809992789684,0.01635335174585018,false
V25,0.0009596360218969285,1379.6629905700684,0.01568710876638086,0.013369929519016794,false
V278,0.0009561648994587757,1240.8859977722168,0.015630366549554638,0.012025080360019117,false
V298,0.0009399987694241353,2515.8289184570312,0.015366099854267854,0.02438019686806006,false
V137,0.0009382833645112966,1065.2729110717773,0.015338058239705604,0.01032326288151177,false
id_07,0.000925905568287985,1332.0361976623535,0.015135719195304827,0.012908391542898549,false
V60,0.000923479188356879,1223.1652264595032,0.015096055317522722,0.011853353304141726,false
V214,0.0009225407051990089,539.2131938934326,0.015080713993273738,0.005225364779191704,false
V63,0.0008864190254761774,868.9105072021484,0.014490235201620696,0.00842036955331075,false
V274,0.0008769758733144264,762.0133993625641,0.014335868596284173,0.0073844594742765645,false
V140,0.0008586892573762605,799.1912260055542,0.014036938453349364,0.007744739430529952,false
V194,0.0008304777274796104,932.4644966125488,0.013575766375752751,0.009036253551705386,false
V265,0.0008227324515841088,758.0550602674484,0.013449154845312086,0.007346100313325094,false
V245,0.0008097271022502604,2304.8710041046143,0.013236557230289698,0.02233586251565043,false
V97,0.0007835957771915165,194.36099243164062,0.01280939012833383,0.0018834982077641073,false
id_21,0.000778804196619823,583.6518144607544,0.012731062466724742,0.005656007065727148,false
V185,0.000778101595637946,101.8280029296875,0.012719577093342984,0.0009867867961505742,false
V39,0.0007509214736575812,505.42177057266235,0.012275265375086877,0.004897901513717516,false
V273,0.0007370849370916874,692.1797180175781,0.012049080395462907,0.006707720731541896,false
V270,0.0007249839531184286,1240.9614963531494,0.011851266383236164,0.012025811995724904,false
V216,0.0007187756571579444,777.8717925548553,0.011749779765639751,0.007538138742847929,false
V125,0.0007109708396662913,820.45849609375,0.011622194912529197,0.007950834617604286,false
V9,0.0007025947134345318,567.8659973144531,0.011485270911928623,0.005503031111389975,false
V115,0.0007004044784041252,1162.437515258789,0.011449467279757743,0.011264857980171869,false
V321,0.0006790836792824664,1530.8730945587158,0.011100937538089141,0.014835264493361562,false
fe_amt_is_round_100,0.0006635104991819527,567.601993560791,0.010846363757508993,0.005500472724593095,true
V167,0.0006627300730712871,355.17649841308594,0.01083360618171694,0.003441916455722286,false
V204,0.000655760815968021,1079.4966945648193,0.010719680180915408,0.0104611016030659,false
V105,0.0006414178376600138,1078.4732818603516,0.010485216430475121,0.010451183995779828,false
V175,0.0006120015046676287,490.3266067504883,0.010004349513612775,0.004751618488254111,false
V144,0.0006099424318307619,1077.0765953063965,0.009970689981443506,0.010437649095652644,false
id_26,0.0005898533059826132,384.2584934234619,0.009642294324120764,0.0037237419639940305,false
V46,0.0005884344467595224,280.1716003417969,0.00961910032301104,0.0027150648929505556,false
V168,0.0005783170299543907,374.51619720458984,0.009453711556608568,0.0036293320865891997,false
V134,0.000571135385797038,467.728796005249,0.00933631367819719,0.004532629402504197,false
V275,0.0005655133991260671,237.78294813632965,0.009244411421113995,0.0023042882784680275,false
V174,0.00055885275065871,153.2093963623047,0.009135530225975531,0.0014847095595198476,false
V108,0.0005489255695243244,198.55730819702148,0.008973251229934054,0.001924163534301205,false
V228,0.0005392072379583656,142.6790008544922,0.008814386284450252,0.0013826624315551768,false
V59,0.0005369435015033684,730.2198066711426,0.00877738112918548,0.007076356628620761,false
V286,0.0005290681374171276,1462.9387855529785,0.0086486430553984,0.014176932038596995,false
V301,0.0005283794200217704,1731.1425132751465,0.008637384636118859,0.016776019613528103,false
V287,0.0005273995995442266,1705.0940322875977,0.008621367573345022,0.016523591044188084,false
V255,0.0005182746355014616,164.13650131225586,0.008472202368869669,0.0015906010881223372,false
V18,0.0005040165606383127,642.9559936523438,0.008239126529620442,0.0062307073377458055,false
V32,0.0005026528396250845,284.6940002441406,0.008216833869306146,0.002758890209976825,false
V57,0.0005000530350016379,731.6983108520508,0.00817433502915347,0.007090684400567552,false
V213,0.0004943132083302541,270.3736963272095,0.00808050644910894,0.0026201161358957634,false
V329,0.0004891962480696233,419.72839736938477,0.007996859826503952,0.004067470917401222,false
V253,0.0004831299294993487,147.29119968414307,0.007897694104238438,0.0014273579649583337,false
V326,0.0004829625585446546,1201.1807098388672,0.007894958101930574,0.011640307480823595,false
V239,0.0004736298109959164,942.3983753919601,0.007742396273752394,0.009132520002308882,false
V150,0.00045768203031300596,1134.7699652910233,0.007481698921374272,0.010996739464591438,false
id_08,0.0004484823712763645,975.393009185791,0.007331312682604138,0.009452261802548817,false
V222,0.0004463473239069428,276.3541021347046,0.0072964111996030225,0.0026780705817914894,false
V262,0.0004307146990266584,302.6298999786377,0.00704086567900418,0.002932702015431789,false
V212,0.00042414085968632217,595.0627489089966,0.006933403547121386,0.005766587251150604,false
V178,0.00041354221181812904,253.58671879768372,0.0067601481272630696,0.002457438215315796,false
V163,0.00039397658740701396,859.9272041320801,0.006440310114500055,0.008333314866973796,false
V242,0.0003905854747622648,269.7169990539551,0.006384875812657076,0.0026137522656471935,false
V328,0.0003883803243764772,159.89100646972656,0.006348828360124294,0.0015494591808551774,false
V250,0.0003829693418841504,112.68279647827148,0.006260375374874404,0.0010919775751161535,false
V180,0.0003583410906528828,657.5894012451172,0.005857778924788097,0.006372515612285071,false
id_34,0.0003448144166858135,1036.2064819335938,0.0056366592492788975,0.010041588217769114,false
V151,0.0003440928799705196,557.4381418228149,0.005624864334672234,0.005401977670143364,false
V132,0.00034130927510858384,278.87246799468994,0.005579360923758691,0.0027024753634528357,false
V26,0.0003411181231042036,370.36669158935547,0.005576236174150296,0.003589120384170825,false
V220,0.00033152603759367596,274.8668022155762,0.0054194349648723945,0.0026636575727970466,false
V327,0.0003242992076601152,288.5199089050293,0.005301298437462963,0.0027959660244995747,false
id_25,0.0003237652608009588,925.5869979858398,0.005292570042254854,0.008969605629325268,false
V322,0.0003221031493249147,393.6210994720459,0.005265399612100499,0.003814472369781147,false
V232,0.000320110701678758,225.69969940185547,0.005232829197668997,0.002187192882675816,false
V272,0.0003168724341496905,316.52953243255615,0.005179893445171185,0.003067399479609139,false
V297,0.0002874305016610943,278.62499237060547,0.004698608054979092,0.0027000771461531767,false
V92,0.0002791033914976041,126.5009994506836,0.004562485316916289,0.0012258859288832437,false
V238,0.00027717963436800833,292.2997989654541,0.004531037781972347,0.0028325958855909632,false
V101,0.00027608678292923987,148.30259704589844,0.004513173009293671,0.0014371591349069466,false
V50,0.0002749125515692021,269.19389724731445,0.004493977924239032,0.0026086830318315024,false
V249,0.0002746670713345638,728.6724939346313,0.004489965074520077,0.0070613620521390915,false
V155,0.0002690262658656939,194.3179931640625,0.004397755187749422,0.0018830815138462312,false
V237,0.00024388334153367113,365.6539993286133,0.003986745409352745,0.003543450996935248,false
V162,0.0002391796492740711,1420.2072143554688,0.003909854452368791,0.013762832291736724,false
V295,0.0002388890644312248,344.15699768066406,0.0039051042804998976,0.0033351295453432823,false
fe_addr_dist2_isna,0.00023321942193294966,127.67639541625977,0.003812422996651124,0.0012372763635938222,true
V252,0.00023272004106396772,152.42080307006836,0.0038042596494769687,0.0014770675217117503,false
V42,0.00023191179363036987,917.5987129211426,0.003791047280295647,0.008892193385159258,false
V260,0.00020282998158556006,488.2272071838379,0.003315648756000384,0.004731273792172372,false
V8,0.0001980349865719455,219.43309783935547,0.0032372652787272635,0.002126464993483277,false
V80,0.00019594526959216936,618.4533157348633,0.0032031048087108284,0.005993258715130711,false
V292,0.00018987356207496623,248.63710021972656,0.003103850993674018,0.00240947284117326,false
fe_nov_is_new_card_email,0.00018571767918899447,441.6209907531738,0.003035915041536967,0.004279625938250777,true
V188,0.00017785285412324247,303.2461986541748,0.00290734924844478,0.0029386743941292775,false
fe_addr_addr1_isna,0.0001742876293980982,431.7861099243164,0.0028490687475425996,0.004184318849194614,true
V22,0.0001606743761718347,49.946998596191406,0.002626533766412413,0.0004840224427862517,false
id_16,0.00015637142533971455,203.1471939086914,0.002556193703951619,0.001968642837496845,false
V154,0.0001508119166910072,259.3386001586914,0.0024653127711084426,0.0025131780944921186,false
id_10,0.00014839642524829924,342.1386947631836,0.0024258268867508297,0.003315570734286395,false
V334,0.0001442890109533463,346.33798599243164,0.002358683247575898,0.0033562648952145456,false
V103,0.00013809770573876902,232.1570053100586,0.002257474376617773,0.002249768834531808,false
V3,0.00013257221180776828,300.65850830078125,0.0021671494801927243,0.0029135978081235776,false
id_35,0.00013040888005504746,73.88269805908203,0.0021317856341840943,0.0007159766352191342,false
V198,0.00012970868585820722,204.47949409484863,0.0021203396043636327,0.001981553787278672,false
V153,0.00012725291087568963,486.8739929199219,0.002080195207553309,0.004718160169891897,false
V109,0.00012451645640705294,242.1991958618164,0.002035462561107943,0.0023470849043337972,false
V116,0.00011877858956270186,413.31859970092773,0.001941666018230759,0.0040053553546557,false
V304,0.00011514821893419199,124.88520050048828,0.0018823205814065612,0.0012102276715923914,false
V236,0.00011353967505882902,247.1937837600708,0.0018560258173996459,0.0023954860636260416,false
V93,0.0001120444261210802,287.3259906768799,0.0018315830785027513,0.0027843960957046943,false
V303,0.00011136000154868671,267.0086975097656,0.0018203948337260525,0.0025875068702067494,false
V179,0.0001088630637567753,367.2749938964844,0.0017795775510992774,0.003559159603508938,false
M1,0.00010316994346490619,132.95399475097656,0.0016865124772579444,0.0012884201078393776,false
V15,0.00010251130056472274,74.5625,0.0016757456838304126,0.0007225644063625847,false
V100,0.00009972897891103157,300.1302032470703,0.0016302632494400978,0.002908478151090713,false
V71,0.00009128250596649164,48.03020095825195,0.0014921892956181323,0.00046544729110310106,false
fe_addr_addr2_isna,0.00008529716225295508,246.95700073242188,0.0013943472641645583,0.0023931914652983314,true
id_24,0.00008234360809703309,28.18280029296875,0.0013460657029953998,0.00027311166287777696,false
V195,0.0000810708855614645,85.93780136108398,0.0013252605889841284,0.0008327992814696043,false
V84,0.0000776277485809888,241.15569305419922,0.0012689758486473678,0.00233697260945737,false
V21,0.00007216293057550866,67.52310180664062,0.001179642817701963,0.0006543475604047028,false
V269,0.00006134534550102658,204.77499389648438,0.0010028084453140482,0.0019844173934982752,false
V330,0.00005718317861143342,18.335500717163086,0.0009347697689711026,0.00017768422720613837,false
id_12,0.000056285065593451624,77.00279998779297,0.0009200883728207855,0.0007462126734140683,false
V98,0.000055508395348090424,160.8101043701172,0.0009073921939190088,0.0015583659024482684,false
V17,0.00004828850654277214,129.63069915771484,0.0007893691326896874,0.0012562149764729059,false
V176,0.000046653281191514696,42.94649887084961,0.000762638208300238,0.00041618255104062857,false
V172,0.00004595083978468766,23.22879981994629,0.0007511554434816317,0.00022510382501143077,false
V254,0.00004546984263304392,10.087929844856262,0.0007432926137607972,0.00009775931654351675,false
V299,0.00004457547987762272,246.47930145263672,0.0007286725229130617,0.0023885622147163657,false
V197,0.00004107677327307437,23.390199661254883,0.0006714793894803319,0.00022666790589018562,false
V246,0.000033900020801007175,14.771470069885254,0.0005541614751359255,0.00014314619952589207,false
V193,0.00003109702295550074,17.144699096679688,0.000508341048358414,0.00016614450058752725,false
V196,0.000030367007668670182,124.64399719238281,0.0004964075350842929,0.001207890237558743,false
V121,0.000025755387492881427,234.0679931640625,0.0004210216745745624,0.00226828768521807,false
V16,0.000021967282878399983,223.78399658203125,0.0003590977703547787,0.002168628340569886,false
fe_nov_is_new_card_addr,0.00002150992246623568,70.4126968383789,0.0003516213289047423,0.0006823498205051051,true
id_23,0.000019098484393091548,51.00920104980469,0.00031220170472053574,0.0004943159507202931,false
V110,0.000016503915616657384,127.77300262451172,0.00026978845462460513,0.0012382125571238263,false
V183,0.000012029716802757659,155.94200134277344,0.00019664901234177278,0.0015111904727877214,false
V104,0.00001082969371734163,95.5780029296875,0.00017703231159946662,0.000926219788073241,false
id_29,3.520638822277088e-6,15.338600158691406,0.00005755165799532235,0.0001486420991530314,false
fe_nov_is_new_card_device,3.304306426954914e-6,4.113409996032715,0.00005401528614425073,0.000039861909832815435,true
V142,2.3478601420706036e-6,0.20024099946022034,0.00003838031980511451,1.9404797170752694e-6,false
V1,0.0,0.0,0.0,0.0,false
V14,0.0,0.0,0.0,0.0,false
V27,0.0,0.0,0.0,0.0,false
V28,0.0,0.0,0.0,0.0,false
V31,0.0,0.0,0.0,0.0,false
V41,0.0,0.0,0.0,0.0,false
V65,0.0,0.0,0.0,0.0,false
V68,0.0,0.0,0.0,0.0,false
V88,0.0,0.0,0.0,0.0,false
V89,0.0,0.0,0.0,0.0,false
V95,0.0,0.0,0.0,0.0,false
V106,0.0,0.0,0.0,0.0,false
V107,0.0,0.0,0.0,0.0,false
V111,0.0,0.0,0.0,0.0,false
V112,0.0,0.0,0.0,0.0,false
V113,0.0,0.0,0.0,0.0,false
V114,0.0,0.0,0.0,0.0,false
V117,0.0,0.0,0.0,0.0,false
V118,0.0,0.0,0.0,0.0,false
V119,0.0,0.0,0.0,0.0,false
V120,0.0,0.0,0.0,0.0,false
V122,0.0,0.0,0.0,0.0,false
V138,0.0,0.0,0.0,0.0,false
V173,0.0,0.0,0.0,0.0,false
V186,0.0,0.0,0.0,0.0,false
V190,0.0,0.0,0.0,0.0,false
V191,0.0,0.0,0.0,0.0,false
V235,0.0,0.0,0.0,0.0,false
V240,0.0,0.0,0.0,0.0,false
V241,0.0,0.0,0.0,0.0,false
V247,0.0,0.0,0.0,0.0,false
V284,0.0,0.0,0.0,0.0,false
V302,0.0,0.0,0.0,0.0,false
V305,0.0,0.0,0.0,0.0,false
V325,0.0,0.0,0.0,0.0,false
V331,0.0,0.0,0.0,0.0,false
id_22,0.0,0.0,0.0,0.0,false
id_27,0.0,0.0,0.0,0.0,false
id_28,0.0,0.0,0.0,0.0,false
id_37,0.0,0.0,0.0,0.0,false
fe_addr_dist1_isna,0.0,0.0,0.0,0.0,true
fe_id_has_identity,0.0,0.0,0.0,0.0,true
fe_stat_card1_has_history,0.0,0.0,0.0,0.0,true
fe_velo_is_first_card_tx,0.0,0.0,0.0,0.0,true
fe_velo_burst_10min,0.0,0.0,0.0,0.0,true
fe_velo_burst_1h,0.0,0.0,0.0,0.0,true
