threshold,precision,recall,f1_score,balanced_accuracy,overall_accuracy,false_positives,false_negatives
0.01,0.0349,0.9998,0.0675,0.5083,0.0507,112527,1
0.02,0.0369,0.9983,0.0712,0.5361,0.1057,106003,7
0.03,0.0397,0.9958,0.0764,0.5696,0.1726,98057,17
0.04,0.0427,0.9921,0.0819,0.6005,0.2357,90566,32
0.05,0.046,0.9885,0.088,0.6299,0.296,83401,47
0.06,0.0492,0.9836,0.0938,0.6539,0.3469,77352,67
0.07,0.0526,0.9781,0.0998,0.6754,0.3935,71805,89
0.08,0.056,0.973,0.1059,0.6946,0.4354,66812,110
0.09,0.0594,0.9649,0.112,0.7107,0.474,62202,143
0.1,0.0628,0.9561,0.1178,0.7241,0.5081,58126,179
0.11,0.0666,0.9511,0.1245,0.7385,0.5404,54282,199
0.12,0.0704,0.946,0.131,0.7506,0.5687,50906,220
0.13,0.0743,0.9406,0.1377,0.7618,0.5953,47725,242
0.14,0.0784,0.9364,0.1447,0.7723,0.6195,44840,259
0.15,0.0823,0.9295,0.1512,0.7803,0.6414,42222,287
0.16,0.0864,0.9229,0.158,0.7878,0.6619,39759,314
0.17,0.0906,0.9165,0.1648,0.7945,0.6809,37488,340
0.18,0.0945,0.9096,0.1713,0.7998,0.6976,35482,368
0.19,0.0988,0.9033,0.178,0.805,0.7134,33575,394
0.2,0.1031,0.8971,0.185,0.8098,0.7284,31777,419
0.21,0.1073,0.8888,0.1915,0.8128,0.7421,30114,453
0.22,0.1118,0.8831,0.1984,0.8167,0.7548,28584,476
0.23,0.1166,0.879,0.2059,0.821,0.767,27125,493
0.24,0.1211,0.8718,0.2127,0.8233,0.7782,25773,522
0.25,0.1259,0.8667,0.2199,0.8263,0.7887,24506,543
0.26,0.1302,0.8601,0.2262,0.8278,0.7978,23395,570
0.27,0.1346,0.8517,0.2325,0.8285,0.8068,22295,604
0.28,0.1393,0.8463,0.2393,0.8302,0.8151,21290,626
0.29,0.144,0.8404,0.2459,0.8313,0.8228,20349,650
0.3,0.1491,0.8365,0.2531,0.8333,0.8303,19445,666
0.31,0.154,0.8306,0.2599,0.8341,0.8374,18582,690
0.32,0.1592,0.8254,0.2669,0.8351,0.8442,17758,711
0.33,0.1639,0.8191,0.2731,0.8352,0.8502,17020,737
0.34,0.1693,0.8141,0.2802,0.836,0.8563,16276,757
0.35,0.1749,0.8095,0.2876,0.8368,0.8622,15557,776
0.36,0.1808,0.8055,0.2953,0.8378,0.8679,14867,792
0.37,0.1853,0.7972,0.3007,0.8363,0.8726,14273,826
0.38,0.1905,0.7903,0.3069,0.8354,0.8774,13683,854
0.39,0.1956,0.7837,0.3131,0.8345,0.8818,13124,881
0.4,0.2023,0.7788,0.3211,0.8347,0.8869,12511,901
0.41,0.2083,0.7729,0.3281,0.8342,0.8912,11967,925
0.42,0.2144,0.7675,0.3351,0.8337,0.8954,11457,947
0.43,0.2203,0.7618,0.3417,0.8329,0.8992,10984,970
0.44,0.2261,0.7555,0.348,0.8317,0.9027,10534,996
0.45,0.2318,0.7479,0.3539,0.8298,0.9062,10097,1027
0.46,0.2379,0.7425,0.3603,0.8289,0.9094,9687,1049
0.47,0.2448,0.7373,0.3675,0.8282,0.9128,9266,1070
0.48,0.2513,0.7307,0.3739,0.8266,0.9159,8868,1097
0.49,0.2572,0.7233,0.3794,0.8245,0.9187,8509,1127
0.5,0.2635,0.7174,0.3854,0.823,0.9214,8167,1151
0.51,0.2706,0.7113,0.3921,0.8215,0.9242,7808,1176
0.52,0.2776,0.7044,0.3983,0.8196,0.9269,7466,1204
0.53,0.2844,0.697,0.4039,0.8173,0.9293,7145,1234
0.54,0.2907,0.6875,0.4086,0.8139,0.9316,6831,1273
0.55,0.2996,0.6818,0.4163,0.8125,0.9343,6492,1296
0.56,0.3066,0.6735,0.4214,0.8096,0.9364,6203,1330
0.57,0.3142,0.6661,0.427,0.8072,0.9386,5921,1360
0.58,0.3231,0.6577,0.4333,0.8044,0.9409,5613,1394
0.59,0.3322,0.6526,0.4403,0.803,0.943,5343,1415
0.6,0.3414,0.6462,0.4467,0.8009,0.945,5078,1441
0.61,0.3512,0.6371,0.4528,0.7976,0.9471,4793,1478
0.62,0.3605,0.6305,0.4587,0.7953,0.9489,4556,1505
0.63,0.3695,0.6219,0.4636,0.7921,0.9505,4322,1540
0.64,0.38,0.6153,0.4699,0.7898,0.9523,4088,1567
0.65,0.3899,0.6074,0.4749,0.7868,0.9539,3871,1599
0.66,0.3998,0.5978,0.4792,0.783,0.9553,3655,1638
0.67,0.4113,0.589,0.4844,0.7795,0.9569,3434,1674
0.68,0.4233,0.5811,0.4898,0.7765,0.9584,3225,1706
0.69,0.4347,0.5738,0.4947,0.7736,0.9597,3039,1736
0.7,0.4502,0.5654,0.5013,0.7704,0.9613,2812,1770
0.71,0.4633,0.5568,0.5058,0.7669,0.9626,2627,1805
0.72,0.4775,0.547,0.5099,0.7629,0.9639,2438,1845
0.73,0.4868,0.5313,0.5081,0.7557,0.9647,2281,1909
0.74,0.502,0.523,0.5123,0.7522,0.9658,2113,1943
0.75,0.5147,0.5144,0.5146,0.7486,0.9667,1975,1978
0.76,0.5326,0.5038,0.5178,0.744,0.9678,1801,2021
0.77,0.5489,0.4935,0.5197,0.7395,0.9687,1652,2063
0.78,0.5645,0.4856,0.5221,0.7362,0.9695,1526,2095
0.79,0.58,0.4761,0.5229,0.7319,0.9702,1404,2134
0.8,0.6025,0.4662,0.5257,0.7276,0.9711,1253,2174
0.81,0.6157,0.452,0.5213,0.721,0.9715,1149,2232
0.82,0.6288,0.4422,0.5192,0.7164,0.9719,1063,2272
0.83,0.6483,0.4358,0.5212,0.7137,0.9725,963,2298
0.84,0.6677,0.4243,0.5188,0.7084,0.973,860,2345
0.85,0.6903,0.4159,0.5191,0.7046,0.9735,760,2379
0.86,0.7108,0.4049,0.5159,0.6995,0.9739,671,2424
0.87,0.7331,0.3958,0.514,0.6953,0.9743,587,2461
0.88,0.7487,0.3855,0.5089,0.6904,0.9744,527,2503
0.89,0.766,0.3754,0.5039,0.6857,0.9746,467,2544
0.9,0.7854,0.3666,0.4998,0.6815,0.9748,408,2580
0.91,0.8035,0.3565,0.4939,0.6767,0.9749,355,2621
0.92,0.8235,0.3413,0.4826,0.6693,0.9749,298,2683
0.93,0.8422,0.3275,0.4716,0.6627,0.9748,250,2739
0.94,0.8561,0.3081,0.4532,0.6531,0.9744,211,2818
0.95,0.8687,0.2907,0.4356,0.6446,0.9741,179,2889
0.96,0.8875,0.2693,0.4133,0.6341,0.9737,139,2976
0.97,0.8919,0.245,0.3844,0.622,0.973,121,3075
0.98,0.8982,0.208,0.3377,0.6036,0.972,96,3226
0.99,0.9248,0.148,0.2552,0.5738,0.9703,49,3470
