threshold,precision,recall,f1_score,accuracy,specificity,false_positive_rate,false_negative_rate,true_positives,false_positives,true_negatives,false_negatives,flagged_count,flagged_rate_pct,fraud_capture_rate_pct
0.01,0.0352,1.0,0.0681,0.0591,0.0256,0.9744,0.0,4073,111530,2931,0,115603,97.53,100.0
0.02,0.0375,0.9985,0.0722,0.1186,0.0873,0.9127,0.0015,4067,104468,9993,6,108535,91.56,99.85
0.03,0.0398,0.9958,0.0766,0.1747,0.1455,0.8545,0.0042,4056,97804,16657,17,101860,85.93,99.58
0.04,0.0421,0.9917,0.0808,0.225,0.1978,0.8022,0.0083,4039,91825,22636,34,95864,80.87,99.17
0.05,0.0445,0.9885,0.0852,0.2705,0.2449,0.7551,0.0115,4026,86429,28032,47,90455,76.31,98.85
0.06,0.0468,0.9858,0.0894,0.3103,0.2863,0.7137,0.0142,4015,81692,32769,58,85707,72.31,98.58
0.07,0.0492,0.9818,0.0936,0.3469,0.3243,0.6757,0.0182,3999,77341,37120,74,81340,68.62,98.18
0.08,0.0513,0.9764,0.0975,0.3786,0.3573,0.6427,0.0236,3977,73566,40895,96,77543,65.42,97.64
0.09,0.0533,0.9708,0.1011,0.4069,0.3869,0.6131,0.0292,3954,70180,44281,119,74134,62.54,97.08
0.1,0.0555,0.9676,0.105,0.4333,0.4143,0.5857,0.0324,3941,67045,47416,132,70986,59.89,96.76
0.11,0.0575,0.9619,0.1086,0.4573,0.4393,0.5607,0.0381,3918,64174,50287,155,68092,57.45,96.19
0.12,0.0596,0.9561,0.1122,0.48,0.4631,0.5369,0.0439,3894,61457,53004,179,65351,55.13,95.61
0.13,0.0615,0.9502,0.1156,0.5003,0.4843,0.5157,0.0498,3870,59029,55432,203,62899,53.06,95.02
0.14,0.0635,0.9435,0.1189,0.5196,0.5045,0.4955,0.0565,3843,56717,57744,230,60560,51.09,94.35
0.15,0.0655,0.9384,0.1224,0.5378,0.5235,0.4765,0.0616,3822,54539,59922,251,58361,49.24,93.84
0.16,0.0675,0.9332,0.1259,0.5549,0.5415,0.4585,0.0668,3801,52484,61977,272,56285,47.48,93.32
0.17,0.0695,0.9271,0.1294,0.5713,0.5586,0.4414,0.0729,3776,50522,63939,297,54298,45.81,92.71
0.18,0.0714,0.9209,0.1325,0.5855,0.5736,0.4264,0.0791,3751,48805,65656,322,52556,44.34,92.09
0.19,0.0735,0.916,0.1361,0.6004,0.5892,0.4108,0.084,3731,47021,67440,342,50752,42.82,91.6
0.2,0.0755,0.9082,0.1394,0.6146,0.6042,0.3958,0.0918,3699,45308,69153,374,49007,41.34,90.82
0.21,0.0777,0.903,0.1431,0.6284,0.6186,0.3814,0.097,3678,43650,70811,395,47328,39.93,90.3
0.22,0.0799,0.8966,0.1467,0.6415,0.6324,0.3676,0.1034,3652,42073,72388,421,45725,38.58,89.66
0.23,0.0824,0.8937,0.1508,0.6543,0.6457,0.3543,0.1063,3640,40549,73912,433,44189,37.28,89.37
0.24,0.0848,0.8876,0.1547,0.6668,0.6589,0.3411,0.1124,3615,39038,75423,458,42653,35.98,88.76
0.25,0.087,0.8807,0.1584,0.6785,0.6713,0.3287,0.1193,3587,37621,76840,486,41208,34.76,88.07
0.26,0.0895,0.876,0.1625,0.6896,0.683,0.317,0.124,3568,36286,78175,505,39854,33.62,87.6
0.27,0.0921,0.8713,0.1667,0.7006,0.6945,0.3055,0.1287,3549,34970,79491,524,38519,32.5,87.13
0.28,0.0947,0.8652,0.1707,0.7112,0.7057,0.2943,0.1348,3524,33686,80775,549,37210,31.39,86.52
0.29,0.0974,0.8593,0.175,0.7215,0.7166,0.2834,0.1407,3500,32436,82025,573,35936,30.32,85.93
0.3,0.0999,0.8512,0.1788,0.7313,0.7271,0.2729,0.1488,3467,31241,83220,606,34708,29.28,85.12
0.31,0.1026,0.8436,0.1829,0.741,0.7374,0.2626,0.1564,3436,30059,84402,637,33495,28.26,84.36
0.32,0.1053,0.8365,0.1871,0.7502,0.7471,0.2529,0.1635,3407,28947,85514,666,32354,27.3,83.65
0.33,0.108,0.8264,0.1911,0.7595,0.7572,0.2428,0.1736,3366,27796,86665,707,31162,26.29,82.64
0.34,0.1114,0.8191,0.1961,0.7693,0.7675,0.2325,0.1809,3336,26610,87851,737,29946,25.26,81.91
0.35,0.1142,0.81,0.2002,0.7777,0.7765,0.2235,0.19,3299,25579,88882,774,28878,24.36,81.0
0.36,0.1175,0.8026,0.205,0.7861,0.7855,0.2145,0.1974,3269,24553,89908,804,27822,23.47,80.26
0.37,0.1209,0.7955,0.2098,0.7941,0.7941,0.2059,0.2045,3240,23568,90893,833,26808,22.62,79.55
0.38,0.1245,0.7893,0.2151,0.8021,0.8025,0.1975,0.2107,3215,22603,91858,858,25818,21.78,78.93
0.39,0.1284,0.7815,0.2205,0.8102,0.8112,0.1888,0.2185,3183,21611,92850,890,24794,20.92,78.15
0.4,0.1319,0.7724,0.2254,0.8176,0.8192,0.1808,0.2276,3146,20699,93762,927,23845,20.12,77.24
0.41,0.1359,0.765,0.2308,0.8248,0.8269,0.1731,0.235,3116,19816,94645,957,22932,19.35,76.5
0.42,0.14,0.7569,0.2363,0.8319,0.8345,0.1655,0.2431,3083,18938,95523,990,22021,18.58,75.69
0.43,0.1446,0.7503,0.2425,0.8389,0.8421,0.1579,0.2497,3056,18073,96388,1017,21129,17.83,75.03
0.44,0.1489,0.7417,0.248,0.8454,0.8491,0.1509,0.2583,3021,17273,97188,1052,20294,17.12,74.17
0.45,0.1533,0.7339,0.2536,0.8516,0.8558,0.1442,0.2661,2989,16506,97955,1084,19495,16.45,73.39
0.46,0.1579,0.7248,0.2593,0.8577,0.8625,0.1375,0.2752,2952,15743,98718,1121,18695,15.77,72.48
0.47,0.1633,0.7184,0.266,0.8638,0.869,0.131,0.2816,2926,14997,99464,1147,17923,15.12,71.84
0.48,0.1684,0.7118,0.2724,0.8694,0.875,0.125,0.2882,2899,14312,100149,1174,17211,14.52,71.18
0.49,0.174,0.7041,0.2791,0.875,0.8811,0.1189,0.2959,2868,13613,100848,1205,16481,13.9,70.41
0.5,0.1791,0.6965,0.285,0.8799,0.8864,0.1136,0.3035,2837,12999,101462,1236,15836,13.36,69.65
0.51,0.1845,0.6879,0.291,0.8848,0.8918,0.1082,0.3121,2802,12384,102077,1271,15186,12.81,68.79
0.52,0.1903,0.6803,0.2974,0.8896,0.897,0.103,0.3197,2771,11788,102673,1302,14559,12.28,68.03
0.53,0.1965,0.6735,0.3043,0.8942,0.902,0.098,0.3265,2743,11213,103248,1330,13956,11.77,67.35
0.54,0.2033,0.6656,0.3115,0.8989,0.9072,0.0928,0.3344,2711,10622,103839,1362,13333,11.25,66.56
0.55,0.2099,0.6577,0.3182,0.9031,0.9119,0.0881,0.3423,2679,10087,104374,1394,12766,10.77,65.77
0.56,0.2165,0.6487,0.3246,0.9073,0.9165,0.0835,0.3513,2642,9561,104900,1431,12203,10.29,64.87
0.57,0.2238,0.6415,0.3319,0.9112,0.9208,0.0792,0.3585,2613,9061,105400,1460,11674,9.85,64.15
0.58,0.2295,0.6329,0.3369,0.9144,0.9244,0.0756,0.3671,2578,8654,105807,1495,11232,9.48,63.29
0.59,0.2369,0.6256,0.3437,0.9179,0.9283,0.0717,0.3744,2548,8208,106253,1525,10756,9.07,62.56
0.6,0.2449,0.6187,0.3509,0.9213,0.9321,0.0679,0.3813,2520,7771,106690,1553,10291,8.68,61.87
0.61,0.2531,0.6116,0.3581,0.9246,0.9358,0.0642,0.3884,2491,7350,107111,1582,9841,8.3,61.16
0.62,0.2602,0.6008,0.3632,0.9276,0.9392,0.0608,0.3992,2447,6956,107505,1626,9403,7.93,60.08
0.63,0.2692,0.5929,0.3703,0.9307,0.9427,0.0573,0.4071,2415,6556,107905,1658,8971,7.57,59.29
0.64,0.2778,0.5841,0.3765,0.9335,0.946,0.054,0.4159,2379,6185,108276,1694,8564,7.22,58.41
0.65,0.286,0.5735,0.3817,0.9362,0.9491,0.0509,0.4265,2336,5831,108630,1737,8167,6.89,57.35
0.66,0.2944,0.5647,0.387,0.9385,0.9518,0.0482,0.4353,2300,5513,108948,1773,7813,6.59,56.47
0.67,0.3045,0.5559,0.3935,0.9411,0.9548,0.0452,0.4441,2264,5170,109291,1809,7434,6.27,55.59
0.68,0.3147,0.5463,0.3994,0.9435,0.9577,0.0423,0.4537,2225,4845,109616,1848,7070,5.96,54.63
0.69,0.3271,0.5392,0.4072,0.946,0.9605,0.0395,0.4608,2196,4518,109943,1877,6714,5.66,53.92
0.7,0.3388,0.5308,0.4136,0.9483,0.9631,0.0369,0.4692,2162,4220,110241,1911,6382,5.38,53.08
0.71,0.3508,0.5217,0.4195,0.9504,0.9656,0.0344,0.4783,2125,3932,110529,1948,6057,5.11,52.17
0.72,0.3634,0.5124,0.4252,0.9524,0.9681,0.0319,0.4876,2087,3656,110805,1986,5743,4.85,51.24
0.73,0.3776,0.5058,0.4324,0.9544,0.9703,0.0297,0.4942,2060,3395,111066,2013,5455,4.6,50.58
0.74,0.3919,0.4955,0.4376,0.9562,0.9726,0.0274,0.5045,2018,3131,111330,2055,5149,4.34,49.55
0.75,0.4065,0.4878,0.4435,0.9579,0.9747,0.0253,0.5122,1987,2901,111560,2086,4888,4.12,48.78
0.76,0.4225,0.4756,0.4474,0.9596,0.9769,0.0231,0.5244,1937,2648,111813,2136,4585,3.87,47.56
0.77,0.4385,0.465,0.4514,0.9612,0.9788,0.0212,0.535,1894,2425,112036,2179,4319,3.64,46.5
0.78,0.458,0.4542,0.4561,0.9628,0.9809,0.0191,0.5458,1850,2189,112272,2223,4039,3.41,45.42
0.79,0.4772,0.4424,0.4592,0.9642,0.9828,0.0172,0.5576,1802,1974,112487,2271,3776,3.19,44.24
0.8,0.4966,0.4292,0.4604,0.9654,0.9845,0.0155,0.5708,1748,1772,112689,2325,3520,2.97,42.92
0.81,0.5143,0.4154,0.4596,0.9664,0.986,0.014,0.5846,1692,1598,112863,2381,3290,2.78,41.54
0.82,0.5394,0.4049,0.4626,0.9677,0.9877,0.0123,0.5951,1649,1408,113053,2424,3057,2.58,40.49
0.83,0.5601,0.3945,0.463,0.9685,0.989,0.011,0.6055,1607,1262,113199,2466,2869,2.42,39.45
0.84,0.5831,0.3808,0.4607,0.9694,0.9903,0.0097,0.6192,1551,1109,113352,2522,2660,2.24,38.08
0.85,0.6149,0.3712,0.463,0.9704,0.9917,0.0083,0.6288,1512,947,113514,2561,2459,2.07,37.12
0.86,0.6435,0.3621,0.4635,0.9712,0.9929,0.0071,0.6379,1475,817,113644,2598,2292,1.93,36.21
0.87,0.6705,0.3472,0.4575,0.9717,0.9939,0.0061,0.6528,1414,695,113766,2659,2109,1.78,34.72
0.88,0.6952,0.3332,0.4505,0.9721,0.9948,0.0052,0.6668,1357,595,113866,2716,1952,1.65,33.32
0.89,0.7276,0.3226,0.447,0.9726,0.9957,0.0043,0.6774,1314,492,113969,2759,1806,1.52,32.26
0.9,0.7545,0.3101,0.4395,0.9728,0.9964,0.0036,0.6899,1263,411,114050,2810,1674,1.41,31.01
0.91,0.7791,0.2971,0.4301,0.973,0.997,0.003,0.7029,1210,343,114118,2863,1553,1.31,29.71
0.92,0.8059,0.2823,0.4182,0.973,0.9976,0.0024,0.7177,1150,277,114184,2923,1427,1.2,28.23
0.93,0.8433,0.2669,0.4054,0.9731,0.9982,0.0018,0.7331,1087,202,114259,2986,1289,1.09,26.69
0.94,0.8618,0.248,0.3851,0.9728,0.9986,0.0014,0.752,1010,162,114299,3063,1172,0.99,24.8
0.95,0.8875,0.2286,0.3635,0.9725,0.999,0.001,0.7714,931,118,114343,3142,1049,0.88,22.86
0.96,0.9016,0.2048,0.3337,0.9719,0.9992,0.0008,0.7952,834,91,114370,3239,925,0.78,20.48
0.97,0.9123,0.1736,0.2917,0.971,0.9994,0.0006,0.8264,707,68,114393,3366,775,0.65,17.36
0.98,0.9285,0.1402,0.2436,0.9701,0.9996,0.0004,0.8598,571,44,114417,3502,615,0.52,14.02
0.99,0.9513,0.0815,0.1502,0.9683,0.9999,0.0001,0.9185,332,17,114444,3741,349,0.29,8.15
